[2024-08-10 18:34:10] local.ERROR: SQLSTATE[HY000] [1045] Access denied for user 'root'@'localhost' (using password: NO) (SQL: select count(*) as aggregate from `wishlists` where `user_id` = 0) {"exception":"[object] (Illuminate\\Database\\QueryException(code: 1045): SQLSTATE[HY000] [1045] Access denied for user 'root'@'localhost' (using password: NO) (SQL: select count(*) as aggregate from `wishlists` where `user_id` = 0) at /home3/comfoiy7/public_html/vendor/laravel/framework/src/Illuminate/Database/Connection.php:669)
[stacktrace]
#0 /home3/comfoiy7/public_html/vendor/laravel/framework/src/Illuminate/Database/Connection.php(629): Illuminate\\Database\\Connection->runQueryCallback('select count(*)...', Array, Object(Closure))
#1 /home3/comfoiy7/public_html/vendor/laravel/framework/src/Illuminate/Database/Connection.php(338): Illuminate\\Database\\Connection->run('select count(*)...', Array, Object(Closure))
#2 /home3/comfoiy7/public_html/vendor/laravel/framework/src/Illuminate/Database/Query/Builder.php(2159): Illuminate\\Database\\Connection->select('select count(*)...', Array, true)
#3 /home3/comfoiy7/public_html/vendor/laravel/framework/src/Illuminate/Database/Query/Builder.php(2147): Illuminate\\Database\\Query\\Builder->runSelect()
#4 /home3/comfoiy7/public_html/vendor/laravel/framework/src/Illuminate/Database/Query/Builder.php(2619): Illuminate\\Database\\Query\\Builder->Illuminate\\Database\\Query\\{closure}()
#5 /home3/comfoiy7/public_html/vendor/laravel/framework/src/Illuminate/Database/Query/Builder.php(2148): Illuminate\\Database\\Query\\Builder->onceWithColumns(Array, Object(Closure))
#6 /home3/comfoiy7/public_html/vendor/laravel/framework/src/Illuminate/Database/Query/Builder.php(2546): Illuminate\\Database\\Query\\Builder->get(Array)
#7 /home3/comfoiy7/public_html/vendor/laravel/framework/src/Illuminate/Database/Query/Builder.php(2474): Illuminate\\Database\\Query\\Builder->aggregate('count', Array)
#8 /home3/comfoiy7/public_html/vendor/laravel/framework/src/Illuminate/Database/Eloquent/Builder.php(1385): Illuminate\\Database\\Query\\Builder->count()
#9 /home3/comfoiy7/public_html/app/Http/Middleware/CheckUserAuth.php(20): Illuminate\\Database\\Eloquent\\Builder->__call('count', Array)
#10 /home3/comfoiy7/public_html/vendor/laravel/framework/src/Illuminate/Pipeline/Pipeline.php(171): App\\Http\\Middleware\\CheckUserAuth->handle(Object(Illuminate\\Http\\Request), Object(Closure))
#11 /home3/comfoiy7/public_html/vendor/laravel/framework/src/Illuminate/Routing/Middleware/SubstituteBindings.php(41): Illuminate\\Pipeline\\Pipeline->Illuminate\\Pipeline\\{closure}(Object(Illuminate\\Http\\Request))
#12 /home3/comfoiy7/public_html/vendor/laravel/framework/src/Illuminate/Pipeline/Pipeline.php(171): Illuminate\\Routing\\Middleware\\SubstituteBindings->handle(Object(Illuminate\\Http\\Request), Object(Closure))
#13 /home3/comfoiy7/public_html/vendor/laravel/framework/src/Illuminate/Foundation/Http/Middleware/VerifyCsrfToken.php(78): Illuminate\\Pipeline\\Pipeline->Illuminate\\Pipeline\\{closure}(Object(Illuminate\\Http\\Request))
#14 /home3/comfoiy7/public_html/vendor/laravel/framework/src/Illuminate/Pipeline/Pipeline.php(171): Illuminate\\Foundation\\Http\\Middleware\\VerifyCsrfToken->handle(Object(Illuminate\\Http\\Request), Object(Closure))
#15 /home3/comfoiy7/public_html/vendor/laravel/framework/src/Illuminate/View/Middleware/ShareErrorsFromSession.php(49): Illuminate\\Pipeline\\Pipeline->Illuminate\\Pipeline\\{closure}(Object(Illuminate\\Http\\Request))
#16 /home3/comfoiy7/public_html/vendor/laravel/framework/src/Illuminate/Pipeline/Pipeline.php(171): Illuminate\\View\\Middleware\\ShareErrorsFromSession->handle(Object(Illuminate\\Http\\Request), Object(Closure))
#17 /home3/comfoiy7/public_html/vendor/laravel/framework/src/Illuminate/Session/Middleware/StartSession.php(56): Illuminate\\Pipeline\\Pipeline->Illuminate\\Pipeline\\{closure}(Object(Illuminate\\Http\\Request))
#18 /home3/comfoiy7/public_html/vendor/laravel/framework/src/Illuminate/Pipeline/Pipeline.php(171): Illuminate\\Session\\Middleware\\StartSession->handle(Object(Illuminate\\Http\\Request), Object(Closure))
#19 /home3/comfoiy7/public_html/vendor/laravel/framework/src/Illuminate/Cookie/Middleware/AddQueuedCookiesToResponse.php(37): Illuminate\\Pipeline\\Pipeline->Illuminate\\Pipeline\\{closure}(Object(Illuminate\\Http\\Request))
#20 /home3/comfoiy7/public_html/vendor/laravel/framework/src/Illuminate/Pipeline/Pipeline.php(171): Illuminate\\Cookie\\Middleware\\AddQueuedCookiesToResponse->handle(Object(Illuminate\\Http\\Request), Object(Closure))
#21 /home3/comfoiy7/public_html/vendor/laravel/framework/src/Illuminate/Cookie/Middleware/EncryptCookies.php(67): Illuminate\\Pipeline\\Pipeline->Illuminate\\Pipeline\\{closure}(Object(Illuminate\\Http\\Request))
#22 /home3/comfoiy7/public_html/vendor/laravel/framework/src/Illuminate/Pipeline/Pipeline.php(171): Illuminate\\Cookie\\Middleware\\EncryptCookies->handle(Object(Illuminate\\Http\\Request), Object(Closure))
#23 /home3/comfoiy7/public_html/vendor/laravel/framework/src/Illuminate/Pipeline/Pipeline.php(105): Illuminate\\Pipeline\\Pipeline->Illuminate\\Pipeline\\{closure}(Object(Illuminate\\Http\\Request))
#24 /home3/comfoiy7/public_html/vendor/laravel/framework/src/Illuminate/Routing/Router.php(683): Illuminate\\Pipeline\\Pipeline->then(Object(Closure))
#25 /home3/comfoiy7/public_html/vendor/laravel/framework/src/Illuminate/Routing/Router.php(658): Illuminate\\Routing\\Router->runRouteWithinStack(Object(Illuminate\\Routing\\Route), Object(Illuminate\\Http\\Request))
#26 /home3/comfoiy7/public_html/vendor/laravel/framework/src/Illuminate/Routing/Router.php(624): Illuminate\\Routing\\Router->runRoute(Object(Illuminate\\Http\\Request), Object(Illuminate\\Routing\\Route))
#27 /home3/comfoiy7/public_html/vendor/laravel/framework/src/Illuminate/Routing/Router.php(613): Illuminate\\Routing\\Router->dispatchToRoute(Object(Illuminate\\Http\\Request))
#28 /home3/comfoiy7/public_html/vendor/laravel/framework/src/Illuminate/Foundation/Http/Kernel.php(170): Illuminate\\Routing\\Router->dispatch(Object(Illuminate\\Http\\Request))
#29 /home3/comfoiy7/public_html/vendor/laravel/framework/src/Illuminate/Pipeline/Pipeline.php(130): Illuminate\\Foundation\\Http\\Kernel->Illuminate\\Foundation\\Http\\{closure}(Object(Illuminate\\Http\\Request))
#30 /home3/comfoiy7/public_html/vendor/laravel/framework/src/Illuminate/Foundation/Http/Middleware/TransformsRequest.php(21): Illuminate\\Pipeline\\Pipeline->Illuminate\\Pipeline\\{closure}(Object(Illuminate\\Http\\Request))
#31 /home3/comfoiy7/public_html/vendor/laravel/framework/src/Illuminate/Pipeline/Pipeline.php(171): Illuminate\\Foundation\\Http\\Middleware\\TransformsRequest->handle(Object(Illuminate\\Http\\Request), Object(Closure))
#32 /home3/comfoiy7/public_html/vendor/laravel/framework/src/Illuminate/Foundation/Http/Middleware/TransformsRequest.php(21): Illuminate\\Pipeline\\Pipeline->Illuminate\\Pipeline\\{closure}(Object(Illuminate\\Http\\Request))
#33 /home3/comfoiy7/public_html/vendor/laravel/framework/src/Illuminate/Pipeline/Pipeline.php(171): Illuminate\\Foundation\\Http\\Middleware\\TransformsRequest->handle(Object(Illuminate\\Http\\Request), Object(Closure))
#34 /home3/comfoiy7/public_html/vendor/laravel/framework/src/Illuminate/Foundation/Http/Middleware/ValidatePostSize.php(27): Illuminate\\Pipeline\\Pipeline->Illuminate\\Pipeline\\{closure}(Object(Illuminate\\Http\\Request))
#35 /home3/comfoiy7/public_html/vendor/laravel/framework/src/Illuminate/Pipeline/Pipeline.php(171): Illuminate\\Foundation\\Http\\Middleware\\ValidatePostSize->handle(Object(Illuminate\\Http\\Request), Object(Closure))
#36 /home3/comfoiy7/public_html/vendor/laravel/framework/src/Illuminate/Foundation/Http/Middleware/CheckForMaintenanceMode.php(63): Illuminate\\Pipeline\\Pipeline->Illuminate\\Pipeline\\{closure}(Object(Illuminate\\Http\\Request))
#37 /home3/comfoiy7/public_html/vendor/laravel/framework/src/Illuminate/Pipeline/Pipeline.php(171): Illuminate\\Foundation\\Http\\Middleware\\CheckForMaintenanceMode->handle(Object(Illuminate\\Http\\Request), Object(Closure))
#38 /home3/comfoiy7/public_html/vendor/fideloper/proxy/src/TrustProxies.php(57): Illuminate\\Pipeline\\Pipeline->Illuminate\\Pipeline\\{closure}(Object(Illuminate\\Http\\Request))
#39 /home3/comfoiy7/public_html/vendor/laravel/framework/src/Illuminate/Pipeline/Pipeline.php(171): Fideloper\\Proxy\\TrustProxies->handle(Object(Illuminate\\Http\\Request), Object(Closure))
#40 /home3/comfoiy7/public_html/vendor/laravel/framework/src/Illuminate/Pipeline/Pipeline.php(105): Illuminate\\Pipeline\\Pipeline->Illuminate\\Pipeline\\{closure}(Object(Illuminate\\Http\\Request))
#41 /home3/comfoiy7/public_html/vendor/laravel/framework/src/Illuminate/Foundation/Http/Kernel.php(145): Illuminate\\Pipeline\\Pipeline->then(Object(Closure))
#42 /home3/comfoiy7/public_html/vendor/laravel/framework/src/Illuminate/Foundation/Http/Kernel.php(110): Illuminate\\Foundation\\Http\\Kernel->sendRequestThroughRouter(Object(Illuminate\\Http\\Request))
#43 /home3/comfoiy7/public_html/public/index.php(55): Illuminate\\Foundation\\Http\\Kernel->handle(Object(Illuminate\\Http\\Request))
#44 {main}

[previous exception] [object] (Doctrine\\DBAL\\Driver\\PDO\\Exception(code: 1045): SQLSTATE[HY000] [1045] Access denied for user 'root'@'localhost' (using password: NO) at /home3/comfoiy7/public_html/vendor/doctrine/dbal/lib/Doctrine/DBAL/Driver/PDO/Exception.php:18)
[stacktrace]
#0 /home3/comfoiy7/public_html/vendor/doctrine/dbal/lib/Doctrine/DBAL/Driver/PDOConnection.php(44): Doctrine\\DBAL\\Driver\\PDO\\Exception::new(Object(PDOException))
#1 /home3/comfoiy7/public_html/vendor/laravel/framework/src/Illuminate/Database/Connectors/Connector.php(67): Doctrine\\DBAL\\Driver\\PDOConnection->__construct('mysql:host=127....', 'root', '', Array)
#2 /home3/comfoiy7/public_html/vendor/laravel/framework/src/Illuminate/Database/Connectors/Connector.php(46): Illuminate\\Database\\Connectors\\Connector->createPdoConnection('mysql:host=127....', 'root', '', Array)
#3 /home3/comfoiy7/public_html/vendor/laravel/framework/src/Illuminate/Database/Connectors/MySqlConnector.php(24): Illuminate\\Database\\Connectors\\Connector->createConnection('mysql:host=127....', Array, Array)
#4 /home3/comfoiy7/public_html/vendor/laravel/framework/src/Illuminate/Database/Connectors/ConnectionFactory.php(182): Illuminate\\Database\\Connectors\\MySqlConnector->connect(Array)
#5 [internal function]: Illuminate\\Database\\Connectors\\ConnectionFactory->Illuminate\\Database\\Connectors\\{closure}()
#6 /home3/comfoiy7/public_html/vendor/laravel/framework/src/Illuminate/Database/Connection.php(924): call_user_func(Object(Closure))
#7 /home3/comfoiy7/public_html/vendor/laravel/framework/src/Illuminate/Database/Connection.php(959): Illuminate\\Database\\Connection->getPdo()
#8 /home3/comfoiy7/public_html/vendor/laravel/framework/src/Illuminate/Database/Connection.php(404): Illuminate\\Database\\Connection->getReadPdo()
#9 /home3/comfoiy7/public_html/vendor/laravel/framework/src/Illuminate/Database/Connection.php(330): Illuminate\\Database\\Connection->getPdoForSelect(true)
#10 /home3/comfoiy7/public_html/vendor/laravel/framework/src/Illuminate/Database/Connection.php(662): Illuminate\\Database\\Connection->Illuminate\\Database\\{closure}('select count(*)...', Array)
#11 /home3/comfoiy7/public_html/vendor/laravel/framework/src/Illuminate/Database/Connection.php(629): Illuminate\\Database\\Connection->runQueryCallback('select count(*)...', Array, Object(Closure))
#12 /home3/comfoiy7/public_html/vendor/laravel/framework/src/Illuminate/Database/Connection.php(338): Illuminate\\Database\\Connection->run('select count(*)...', Array, Object(Closure))
#13 /home3/comfoiy7/public_html/vendor/laravel/framework/src/Illuminate/Database/Query/Builder.php(2159): Illuminate\\Database\\Connection->select('select count(*)...', Array, true)
#14 /home3/comfoiy7/public_html/vendor/laravel/framework/src/Illuminate/Database/Query/Builder.php(2147): Illuminate\\Database\\Query\\Builder->runSelect()
#15 /home3/comfoiy7/public_html/vendor/laravel/framework/src/Illuminate/Database/Query/Builder.php(2619): Illuminate\\Database\\Query\\Builder->Illuminate\\Database\\Query\\{closure}()
#16 /home3/comfoiy7/public_html/vendor/laravel/framework/src/Illuminate/Database/Query/Builder.php(2148): Illuminate\\Database\\Query\\Builder->onceWithColumns(Array, Object(Closure))
#17 /home3/comfoiy7/public_html/vendor/laravel/framework/src/Illuminate/Database/Query/Builder.php(2546): Illuminate\\Database\\Query\\Builder->get(Array)
#18 /home3/comfoiy7/public_html/vendor/laravel/framework/src/Illuminate/Database/Query/Builder.php(2474): Illuminate\\Database\\Query\\Builder->aggregate('count', Array)
#19 /home3/comfoiy7/public_html/vendor/laravel/framework/src/Illuminate/Database/Eloquent/Builder.php(1385): Illuminate\\Database\\Query\\Builder->count()
#20 /home3/comfoiy7/public_html/app/Http/Middleware/CheckUserAuth.php(20): Illuminate\\Database\\Eloquent\\Builder->__call('count', Array)
#21 /home3/comfoiy7/public_html/vendor/laravel/framework/src/Illuminate/Pipeline/Pipeline.php(171): App\\Http\\Middleware\\CheckUserAuth->handle(Object(Illuminate\\Http\\Request), Object(Closure))
#22 /home3/comfoiy7/public_html/vendor/laravel/framework/src/Illuminate/Routing/Middleware/SubstituteBindings.php(41): Illuminate\\Pipeline\\Pipeline->Illuminate\\Pipeline\\{closure}(Object(Illuminate\\Http\\Request))
#23 /home3/comfoiy7/public_html/vendor/laravel/framework/src/Illuminate/Pipeline/Pipeline.php(171): Illuminate\\Routing\\Middleware\\SubstituteBindings->handle(Object(Illuminate\\Http\\Request), Object(Closure))
#24 /home3/comfoiy7/public_html/vendor/laravel/framework/src/Illuminate/Foundation/Http/Middleware/VerifyCsrfToken.php(78): Illuminate\\Pipeline\\Pipeline->Illuminate\\Pipeline\\{closure}(Object(Illuminate\\Http\\Request))
#25 /home3/comfoiy7/public_html/vendor/laravel/framework/src/Illuminate/Pipeline/Pipeline.php(171): Illuminate\\Foundation\\Http\\Middleware\\VerifyCsrfToken->handle(Object(Illuminate\\Http\\Request), Object(Closure))
#26 /home3/comfoiy7/public_html/vendor/laravel/framework/src/Illuminate/View/Middleware/ShareErrorsFromSession.php(49): Illuminate\\Pipeline\\Pipeline->Illuminate\\Pipeline\\{closure}(Object(Illuminate\\Http\\Request))
#27 /home3/comfoiy7/public_html/vendor/laravel/framework/src/Illuminate/Pipeline/Pipeline.php(171): Illuminate\\View\\Middleware\\ShareErrorsFromSession->handle(Object(Illuminate\\Http\\Request), Object(Closure))
#28 /home3/comfoiy7/public_html/vendor/laravel/framework/src/Illuminate/Session/Middleware/StartSession.php(56): Illuminate\\Pipeline\\Pipeline->Illuminate\\Pipeline\\{closure}(Object(Illuminate\\Http\\Request))
#29 /home3/comfoiy7/public_html/vendor/laravel/framework/src/Illuminate/Pipeline/Pipeline.php(171): Illuminate\\Session\\Middleware\\StartSession->handle(Object(Illuminate\\Http\\Request), Object(Closure))
#30 /home3/comfoiy7/public_html/vendor/laravel/framework/src/Illuminate/Cookie/Middleware/AddQueuedCookiesToResponse.php(37): Illuminate\\Pipeline\\Pipeline->Illuminate\\Pipeline\\{closure}(Object(Illuminate\\Http\\Request))
#31 /home3/comfoiy7/public_html/vendor/laravel/framework/src/Illuminate/Pipeline/Pipeline.php(171): Illuminate\\Cookie\\Middleware\\AddQueuedCookiesToResponse->handle(Object(Illuminate\\Http\\Request), Object(Closure))
#32 /home3/comfoiy7/public_html/vendor/laravel/framework/src/Illuminate/Cookie/Middleware/EncryptCookies.php(67): Illuminate\\Pipeline\\Pipeline->Illuminate\\Pipeline\\{closure}(Object(Illuminate\\Http\\Request))
#33 /home3/comfoiy7/public_html/vendor/laravel/framework/src/Illuminate/Pipeline/Pipeline.php(171): Illuminate\\Cookie\\Middleware\\EncryptCookies->handle(Object(Illuminate\\Http\\Request), Object(Closure))
#34 /home3/comfoiy7/public_html/vendor/laravel/framework/src/Illuminate/Pipeline/Pipeline.php(105): Illuminate\\Pipeline\\Pipeline->Illuminate\\Pipeline\\{closure}(Object(Illuminate\\Http\\Request))
#35 /home3/comfoiy7/public_html/vendor/laravel/framework/src/Illuminate/Routing/Router.php(683): Illuminate\\Pipeline\\Pipeline->then(Object(Closure))
#36 /home3/comfoiy7/public_html/vendor/laravel/framework/src/Illuminate/Routing/Router.php(658): Illuminate\\Routing\\Router->runRouteWithinStack(Object(Illuminate\\Routing\\Route), Object(Illuminate\\Http\\Request))
#37 /home3/comfoiy7/public_html/vendor/laravel/framework/src/Illuminate/Routing/Router.php(624): Illuminate\\Routing\\Router->runRoute(Object(Illuminate\\Http\\Request), Object(Illuminate\\Routing\\Route))
#38 /home3/comfoiy7/public_html/vendor/laravel/framework/src/Illuminate/Routing/Router.php(613): Illuminate\\Routing\\Router->dispatchToRoute(Object(Illuminate\\Http\\Request))
#39 /home3/comfoiy7/public_html/vendor/laravel/framework/src/Illuminate/Foundation/Http/Kernel.php(170): Illuminate\\Routing\\Router->dispatch(Object(Illuminate\\Http\\Request))
#40 /home3/comfoiy7/public_html/vendor/laravel/framework/src/Illuminate/Pipeline/Pipeline.php(130): Illuminate\\Foundation\\Http\\Kernel->Illuminate\\Foundation\\Http\\{closure}(Object(Illuminate\\Http\\Request))
#41 /home3/comfoiy7/public_html/vendor/laravel/framework/src/Illuminate/Foundation/Http/Middleware/TransformsRequest.php(21): Illuminate\\Pipeline\\Pipeline->Illuminate\\Pipeline\\{closure}(Object(Illuminate\\Http\\Request))
#42 /home3/comfoiy7/public_html/vendor/laravel/framework/src/Illuminate/Pipeline/Pipeline.php(171): Illuminate\\Foundation\\Http\\Middleware\\TransformsRequest->handle(Object(Illuminate\\Http\\Request), Object(Closure))
#43 /home3/comfoiy7/public_html/vendor/laravel/framework/src/Illuminate/Foundation/Http/Middleware/TransformsRequest.php(21): Illuminate\\Pipeline\\Pipeline->Illuminate\\Pipeline\\{closure}(Object(Illuminate\\Http\\Request))
#44 /home3/comfoiy7/public_html/vendor/laravel/framework/src/Illuminate/Pipeline/Pipeline.php(171): Illuminate\\Foundation\\Http\\Middleware\\TransformsRequest->handle(Object(Illuminate\\Http\\Request), Object(Closure))
#45 /home3/comfoiy7/public_html/vendor/laravel/framework/src/Illuminate/Foundation/Http/Middleware/ValidatePostSize.php(27): Illuminate\\Pipeline\\Pipeline->Illuminate\\Pipeline\\{closure}(Object(Illuminate\\Http\\Request))
#46 /home3/comfoiy7/public_html/vendor/laravel/framework/src/Illuminate/Pipeline/Pipeline.php(171): Illuminate\\Foundation\\Http\\Middleware\\ValidatePostSize->handle(Object(Illuminate\\Http\\Request), Object(Closure))
#47 /home3/comfoiy7/public_html/vendor/laravel/framework/src/Illuminate/Foundation/Http/Middleware/CheckForMaintenanceMode.php(63): Illuminate\\Pipeline\\Pipeline->Illuminate\\Pipeline\\{closure}(Object(Illuminate\\Http\\Request))
#48 /home3/comfoiy7/public_html/vendor/laravel/framework/src/Illuminate/Pipeline/Pipeline.php(171): Illuminate\\Foundation\\Http\\Middleware\\CheckForMaintenanceMode->handle(Object(Illuminate\\Http\\Request), Object(Closure))
#49 /home3/comfoiy7/public_html/vendor/fideloper/proxy/src/TrustProxies.php(57): Illuminate\\Pipeline\\Pipeline->Illuminate\\Pipeline\\{closure}(Object(Illuminate\\Http\\Request))
#50 /home3/comfoiy7/public_html/vendor/laravel/framework/src/Illuminate/Pipeline/Pipeline.php(171): Fideloper\\Proxy\\TrustProxies->handle(Object(Illuminate\\Http\\Request), Object(Closure))
#51 /home3/comfoiy7/public_html/vendor/laravel/framework/src/Illuminate/Pipeline/Pipeline.php(105): Illuminate\\Pipeline\\Pipeline->Illuminate\\Pipeline\\{closure}(Object(Illuminate\\Http\\Request))
#52 /home3/comfoiy7/public_html/vendor/laravel/framework/src/Illuminate/Foundation/Http/Kernel.php(145): Illuminate\\Pipeline\\Pipeline->then(Object(Closure))
#53 /home3/comfoiy7/public_html/vendor/laravel/framework/src/Illuminate/Foundation/Http/Kernel.php(110): Illuminate\\Foundation\\Http\\Kernel->sendRequestThroughRouter(Object(Illuminate\\Http\\Request))
#54 /home3/comfoiy7/public_html/public/index.php(55): Illuminate\\Foundation\\Http\\Kernel->handle(Object(Illuminate\\Http\\Request))
#55 {main}

[previous exception] [object] (PDOException(code: 1045): SQLSTATE[HY000] [1045] Access denied for user 'root'@'localhost' (using password: NO) at /home3/comfoiy7/public_html/vendor/doctrine/dbal/lib/Doctrine/DBAL/Driver/PDOConnection.php:40)
[stacktrace]
#0 /home3/comfoiy7/public_html/vendor/doctrine/dbal/lib/Doctrine/DBAL/Driver/PDOConnection.php(40): PDO->__construct('mysql:host=127....', 'root', '', Array)
#1 /home3/comfoiy7/public_html/vendor/laravel/framework/src/Illuminate/Database/Connectors/Connector.php(67): Doctrine\\DBAL\\Driver\\PDOConnection->__construct('mysql:host=127....', 'root', '', Array)
#2 /home3/comfoiy7/public_html/vendor/laravel/framework/src/Illuminate/Database/Connectors/Connector.php(46): Illuminate\\Database\\Connectors\\Connector->createPdoConnection('mysql:host=127....', 'root', '', Array)
#3 /home3/comfoiy7/public_html/vendor/laravel/framework/src/Illuminate/Database/Connectors/MySqlConnector.php(24): Illuminate\\Database\\Connectors\\Connector->createConnection('mysql:host=127....', Array, Array)
#4 /home3/comfoiy7/public_html/vendor/laravel/framework/src/Illuminate/Database/Connectors/ConnectionFactory.php(182): Illuminate\\Database\\Connectors\\MySqlConnector->connect(Array)
#5 [internal function]: Illuminate\\Database\\Connectors\\ConnectionFactory->Illuminate\\Database\\Connectors\\{closure}()
#6 /home3/comfoiy7/public_html/vendor/laravel/framework/src/Illuminate/Database/Connection.php(924): call_user_func(Object(Closure))
#7 /home3/comfoiy7/public_html/vendor/laravel/framework/src/Illuminate/Database/Connection.php(959): Illuminate\\Database\\Connection->getPdo()
#8 /home3/comfoiy7/public_html/vendor/laravel/framework/src/Illuminate/Database/Connection.php(404): Illuminate\\Database\\Connection->getReadPdo()
#9 /home3/comfoiy7/public_html/vendor/laravel/framework/src/Illuminate/Database/Connection.php(330): Illuminate\\Database\\Connection->getPdoForSelect(true)
#10 /home3/comfoiy7/public_html/vendor/laravel/framework/src/Illuminate/Database/Connection.php(662): Illuminate\\Database\\Connection->Illuminate\\Database\\{closure}('select count(*)...', Array)
#11 /home3/comfoiy7/public_html/vendor/laravel/framework/src/Illuminate/Database/Connection.php(629): Illuminate\\Database\\Connection->runQueryCallback('select count(*)...', Array, Object(Closure))
#12 /home3/comfoiy7/public_html/vendor/laravel/framework/src/Illuminate/Database/Connection.php(338): Illuminate\\Database\\Connection->run('select count(*)...', Array, Object(Closure))
#13 /home3/comfoiy7/public_html/vendor/laravel/framework/src/Illuminate/Database/Query/Builder.php(2159): Illuminate\\Database\\Connection->select('select count(*)...', Array, true)
#14 /home3/comfoiy7/public_html/vendor/laravel/framework/src/Illuminate/Database/Query/Builder.php(2147): Illuminate\\Database\\Query\\Builder->runSelect()
#15 /home3/comfoiy7/public_html/vendor/laravel/framework/src/Illuminate/Database/Query/Builder.php(2619): Illuminate\\Database\\Query\\Builder->Illuminate\\Database\\Query\\{closure}()
#16 /home3/comfoiy7/public_html/vendor/laravel/framework/src/Illuminate/Database/Query/Builder.php(2148): Illuminate\\Database\\Query\\Builder->onceWithColumns(Array, Object(Closure))
#17 /home3/comfoiy7/public_html/vendor/laravel/framework/src/Illuminate/Database/Query/Builder.php(2546): Illuminate\\Database\\Query\\Builder->get(Array)
#18 /home3/comfoiy7/public_html/vendor/laravel/framework/src/Illuminate/Database/Query/Builder.php(2474): Illuminate\\Database\\Query\\Builder->aggregate('count', Array)
#19 /home3/comfoiy7/public_html/vendor/laravel/framework/src/Illuminate/Database/Eloquent/Builder.php(1385): Illuminate\\Database\\Query\\Builder->count()
#20 /home3/comfoiy7/public_html/app/Http/Middleware/CheckUserAuth.php(20): Illuminate\\Database\\Eloquent\\Builder->__call('count', Array)
#21 /home3/comfoiy7/public_html/vendor/laravel/framework/src/Illuminate/Pipeline/Pipeline.php(171): App\\Http\\Middleware\\CheckUserAuth->handle(Object(Illuminate\\Http\\Request), Object(Closure))
#22 /home3/comfoiy7/public_html/vendor/laravel/framework/src/Illuminate/Routing/Middleware/SubstituteBindings.php(41): Illuminate\\Pipeline\\Pipeline->Illuminate\\Pipeline\\{closure}(Object(Illuminate\\Http\\Request))
#23 /home3/comfoiy7/public_html/vendor/laravel/framework/src/Illuminate/Pipeline/Pipeline.php(171): Illuminate\\Routing\\Middleware\\SubstituteBindings->handle(Object(Illuminate\\Http\\Request), Object(Closure))
#24 /home3/comfoiy7/public_html/vendor/laravel/framework/src/Illuminate/Foundation/Http/Middleware/VerifyCsrfToken.php(78): Illuminate\\Pipeline\\Pipeline->Illuminate\\Pipeline\\{closure}(Object(Illuminate\\Http\\Request))
#25 /home3/comfoiy7/public_html/vendor/laravel/framework/src/Illuminate/Pipeline/Pipeline.php(171): Illuminate\\Foundation\\Http\\Middleware\\VerifyCsrfToken->handle(Object(Illuminate\\Http\\Request), Object(Closure))
#26 /home3/comfoiy7/public_html/vendor/laravel/framework/src/Illuminate/View/Middleware/ShareErrorsFromSession.php(49): Illuminate\\Pipeline\\Pipeline->Illuminate\\Pipeline\\{closure}(Object(Illuminate\\Http\\Request))
#27 /home3/comfoiy7/public_html/vendor/laravel/framework/src/Illuminate/Pipeline/Pipeline.php(171): Illuminate\\View\\Middleware\\ShareErrorsFromSession->handle(Object(Illuminate\\Http\\Request), Object(Closure))
#28 /home3/comfoiy7/public_html/vendor/laravel/framework/src/Illuminate/Session/Middleware/StartSession.php(56): Illuminate\\Pipeline\\Pipeline->Illuminate\\Pipeline\\{closure}(Object(Illuminate\\Http\\Request))
#29 /home3/comfoiy7/public_html/vendor/laravel/framework/src/Illuminate/Pipeline/Pipeline.php(171): Illuminate\\Session\\Middleware\\StartSession->handle(Object(Illuminate\\Http\\Request), Object(Closure))
#30 /home3/comfoiy7/public_html/vendor/laravel/framework/src/Illuminate/Cookie/Middleware/AddQueuedCookiesToResponse.php(37): Illuminate\\Pipeline\\Pipeline->Illuminate\\Pipeline\\{closure}(Object(Illuminate\\Http\\Request))
#31 /home3/comfoiy7/public_html/vendor/laravel/framework/src/Illuminate/Pipeline/Pipeline.php(171): Illuminate\\Cookie\\Middleware\\AddQueuedCookiesToResponse->handle(Object(Illuminate\\Http\\Request), Object(Closure))
#32 /home3/comfoiy7/public_html/vendor/laravel/framework/src/Illuminate/Cookie/Middleware/EncryptCookies.php(67): Illuminate\\Pipeline\\Pipeline->Illuminate\\Pipeline\\{closure}(Object(Illuminate\\Http\\Request))
#33 /home3/comfoiy7/public_html/vendor/laravel/framework/src/Illuminate/Pipeline/Pipeline.php(171): Illuminate\\Cookie\\Middleware\\EncryptCookies->handle(Object(Illuminate\\Http\\Request), Object(Closure))
#34 /home3/comfoiy7/public_html/vendor/laravel/framework/src/Illuminate/Pipeline/Pipeline.php(105): Illuminate\\Pipeline\\Pipeline->Illuminate\\Pipeline\\{closure}(Object(Illuminate\\Http\\Request))
#35 /home3/comfoiy7/public_html/vendor/laravel/framework/src/Illuminate/Routing/Router.php(683): Illuminate\\Pipeline\\Pipeline->then(Object(Closure))
#36 /home3/comfoiy7/public_html/vendor/laravel/framework/src/Illuminate/Routing/Router.php(658): Illuminate\\Routing\\Router->runRouteWithinStack(Object(Illuminate\\Routing\\Route), Object(Illuminate\\Http\\Request))
#37 /home3/comfoiy7/public_html/vendor/laravel/framework/src/Illuminate/Routing/Router.php(624): Illuminate\\Routing\\Router->runRoute(Object(Illuminate\\Http\\Request), Object(Illuminate\\Routing\\Route))
#38 /home3/comfoiy7/public_html/vendor/laravel/framework/src/Illuminate/Routing/Router.php(613): Illuminate\\Routing\\Router->dispatchToRoute(Object(Illuminate\\Http\\Request))
#39 /home3/comfoiy7/public_html/vendor/laravel/framework/src/Illuminate/Foundation/Http/Kernel.php(170): Illuminate\\Routing\\Router->dispatch(Object(Illuminate\\Http\\Request))
#40 /home3/comfoiy7/public_html/vendor/laravel/framework/src/Illuminate/Pipeline/Pipeline.php(130): Illuminate\\Foundation\\Http\\Kernel->Illuminate\\Foundation\\Http\\{closure}(Object(Illuminate\\Http\\Request))
#41 /home3/comfoiy7/public_html/vendor/laravel/framework/src/Illuminate/Foundation/Http/Middleware/TransformsRequest.php(21): Illuminate\\Pipeline\\Pipeline->Illuminate\\Pipeline\\{closure}(Object(Illuminate\\Http\\Request))
#42 /home3/comfoiy7/public_html/vendor/laravel/framework/src/Illuminate/Pipeline/Pipeline.php(171): Illuminate\\Foundation\\Http\\Middleware\\TransformsRequest->handle(Object(Illuminate\\Http\\Request), Object(Closure))
#43 /home3/comfoiy7/public_html/vendor/laravel/framework/src/Illuminate/Foundation/Http/Middleware/TransformsRequest.php(21): Illuminate\\Pipeline\\Pipeline->Illuminate\\Pipeline\\{closure}(Object(Illuminate\\Http\\Request))
#44 /home3/comfoiy7/public_html/vendor/laravel/framework/src/Illuminate/Pipeline/Pipeline.php(171): Illuminate\\Foundation\\Http\\Middleware\\TransformsRequest->handle(Object(Illuminate\\Http\\Request), Object(Closure))
#45 /home3/comfoiy7/public_html/vendor/laravel/framework/src/Illuminate/Foundation/Http/Middleware/ValidatePostSize.php(27): Illuminate\\Pipeline\\Pipeline->Illuminate\\Pipeline\\{closure}(Object(Illuminate\\Http\\Request))
#46 /home3/comfoiy7/public_html/vendor/laravel/framework/src/Illuminate/Pipeline/Pipeline.php(171): Illuminate\\Foundation\\Http\\Middleware\\ValidatePostSize->handle(Object(Illuminate\\Http\\Request), Object(Closure))
#47 /home3/comfoiy7/public_html/vendor/laravel/framework/src/Illuminate/Foundation/Http/Middleware/CheckForMaintenanceMode.php(63): Illuminate\\Pipeline\\Pipeline->Illuminate\\Pipeline\\{closure}(Object(Illuminate\\Http\\Request))
#48 /home3/comfoiy7/public_html/vendor/laravel/framework/src/Illuminate/Pipeline/Pipeline.php(171): Illuminate\\Foundation\\Http\\Middleware\\CheckForMaintenanceMode->handle(Object(Illuminate\\Http\\Request), Object(Closure))
#49 /home3/comfoiy7/public_html/vendor/fideloper/proxy/src/TrustProxies.php(57): Illuminate\\Pipeline\\Pipeline->Illuminate\\Pipeline\\{closure}(Object(Illuminate\\Http\\Request))
#50 /home3/comfoiy7/public_html/vendor/laravel/framework/src/Illuminate/Pipeline/Pipeline.php(171): Fideloper\\Proxy\\TrustProxies->handle(Object(Illuminate\\Http\\Request), Object(Closure))
#51 /home3/comfoiy7/public_html/vendor/laravel/framework/src/Illuminate/Pipeline/Pipeline.php(105): Illuminate\\Pipeline\\Pipeline->Illuminate\\Pipeline\\{closure}(Object(Illuminate\\Http\\Request))
#52 /home3/comfoiy7/public_html/vendor/laravel/framework/src/Illuminate/Foundation/Http/Kernel.php(145): Illuminate\\Pipeline\\Pipeline->then(Object(Closure))
#53 /home3/comfoiy7/public_html/vendor/laravel/framework/src/Illuminate/Foundation/Http/Kernel.php(110): Illuminate\\Foundation\\Http\\Kernel->sendRequestThroughRouter(Object(Illuminate\\Http\\Request))
#54 /home3/comfoiy7/public_html/public/index.php(55): Illuminate\\Foundation\\Http\\Kernel->handle(Object(Illuminate\\Http\\Request))
#55 {main}
"} 
[2024-08-10 18:34:14] local.ERROR: file_put_contents(C:\xampp7.4\htdocs\vardha_shoes\storage\framework/sessions/sgUZUZ4VZZM1zJ922lMmqBO0rueZOZIU4x3BDznF): failed to open stream: No such file or directory {"exception":"[object] (ErrorException(code: 0): file_put_contents(C:\\xampp7.4\\htdocs\\vardha_shoes\\storage\\framework/sessions/sgUZUZ4VZZM1zJ922lMmqBO0rueZOZIU4x3BDznF): failed to open stream: No such file or directory at /home3/comfoiy7/public_html/vendor/laravel/framework/src/Illuminate/Filesystem/Filesystem.php:133)
[stacktrace]
#0 [internal function]: Illuminate\\Foundation\\Bootstrap\\HandleExceptions->handleError(2, 'file_put_conten...', '/home3/comfoiy7...', 133, Array)
#1 /home3/comfoiy7/public_html/vendor/laravel/framework/src/Illuminate/Filesystem/Filesystem.php(133): file_put_contents('C:\\\\xampp7.4\\\\htd...', 'a:3:{s:6:\"_toke...', 2)
#2 /home3/comfoiy7/public_html/vendor/laravel/framework/src/Illuminate/Session/FileSessionHandler.php(83): Illuminate\\Filesystem\\Filesystem->put('C:\\\\xampp7.4\\\\htd...', 'a:3:{s:6:\"_toke...', true)
#3 /home3/comfoiy7/public_html/vendor/laravel/framework/src/Illuminate/Session/Store.php(129): Illuminate\\Session\\FileSessionHandler->write('sgUZUZ4VZZM1zJ9...', 'a:3:{s:6:\"_toke...')
#4 /home3/comfoiy7/public_html/vendor/laravel/framework/src/Illuminate/Session/Middleware/StartSession.php(170): Illuminate\\Session\\Store->save()
#5 /home3/comfoiy7/public_html/vendor/laravel/framework/src/Illuminate/Session/Middleware/StartSession.php(65): Illuminate\\Session\\Middleware\\StartSession->saveSession(Object(Illuminate\\Http\\Request))
#6 /home3/comfoiy7/public_html/vendor/laravel/framework/src/Illuminate/Pipeline/Pipeline.php(171): Illuminate\\Session\\Middleware\\StartSession->handle(Object(Illuminate\\Http\\Request), Object(Closure))
#7 /home3/comfoiy7/public_html/vendor/laravel/framework/src/Illuminate/Cookie/Middleware/AddQueuedCookiesToResponse.php(37): Illuminate\\Pipeline\\Pipeline->Illuminate\\Pipeline\\{closure}(Object(Illuminate\\Http\\Request))
#8 /home3/comfoiy7/public_html/vendor/laravel/framework/src/Illuminate/Pipeline/Pipeline.php(171): Illuminate\\Cookie\\Middleware\\AddQueuedCookiesToResponse->handle(Object(Illuminate\\Http\\Request), Object(Closure))
#9 /home3/comfoiy7/public_html/vendor/laravel/framework/src/Illuminate/Cookie/Middleware/EncryptCookies.php(67): Illuminate\\Pipeline\\Pipeline->Illuminate\\Pipeline\\{closure}(Object(Illuminate\\Http\\Request))
#10 /home3/comfoiy7/public_html/vendor/laravel/framework/src/Illuminate/Pipeline/Pipeline.php(171): Illuminate\\Cookie\\Middleware\\EncryptCookies->handle(Object(Illuminate\\Http\\Request), Object(Closure))
#11 /home3/comfoiy7/public_html/vendor/laravel/framework/src/Illuminate/Pipeline/Pipeline.php(105): Illuminate\\Pipeline\\Pipeline->Illuminate\\Pipeline\\{closure}(Object(Illuminate\\Http\\Request))
#12 /home3/comfoiy7/public_html/vendor/laravel/framework/src/Illuminate/Routing/Router.php(683): Illuminate\\Pipeline\\Pipeline->then(Object(Closure))
#13 /home3/comfoiy7/public_html/vendor/laravel/framework/src/Illuminate/Routing/Router.php(658): Illuminate\\Routing\\Router->runRouteWithinStack(Object(Illuminate\\Routing\\Route), Object(Illuminate\\Http\\Request))
#14 /home3/comfoiy7/public_html/vendor/laravel/framework/src/Illuminate/Routing/Router.php(624): Illuminate\\Routing\\Router->runRoute(Object(Illuminate\\Http\\Request), Object(Illuminate\\Routing\\Route))
#15 /home3/comfoiy7/public_html/vendor/laravel/framework/src/Illuminate/Routing/Router.php(613): Illuminate\\Routing\\Router->dispatchToRoute(Object(Illuminate\\Http\\Request))
#16 /home3/comfoiy7/public_html/vendor/laravel/framework/src/Illuminate/Foundation/Http/Kernel.php(170): Illuminate\\Routing\\Router->dispatch(Object(Illuminate\\Http\\Request))
#17 /home3/comfoiy7/public_html/vendor/laravel/framework/src/Illuminate/Pipeline/Pipeline.php(130): Illuminate\\Foundation\\Http\\Kernel->Illuminate\\Foundation\\Http\\{closure}(Object(Illuminate\\Http\\Request))
#18 /home3/comfoiy7/public_html/vendor/laravel/framework/src/Illuminate/Foundation/Http/Middleware/TransformsRequest.php(21): Illuminate\\Pipeline\\Pipeline->Illuminate\\Pipeline\\{closure}(Object(Illuminate\\Http\\Request))
#19 /home3/comfoiy7/public_html/vendor/laravel/framework/src/Illuminate/Pipeline/Pipeline.php(171): Illuminate\\Foundation\\Http\\Middleware\\TransformsRequest->handle(Object(Illuminate\\Http\\Request), Object(Closure))
#20 /home3/comfoiy7/public_html/vendor/laravel/framework/src/Illuminate/Foundation/Http/Middleware/TransformsRequest.php(21): Illuminate\\Pipeline\\Pipeline->Illuminate\\Pipeline\\{closure}(Object(Illuminate\\Http\\Request))
#21 /home3/comfoiy7/public_html/vendor/laravel/framework/src/Illuminate/Pipeline/Pipeline.php(171): Illuminate\\Foundation\\Http\\Middleware\\TransformsRequest->handle(Object(Illuminate\\Http\\Request), Object(Closure))
#22 /home3/comfoiy7/public_html/vendor/laravel/framework/src/Illuminate/Foundation/Http/Middleware/ValidatePostSize.php(27): Illuminate\\Pipeline\\Pipeline->Illuminate\\Pipeline\\{closure}(Object(Illuminate\\Http\\Request))
#23 /home3/comfoiy7/public_html/vendor/laravel/framework/src/Illuminate/Pipeline/Pipeline.php(171): Illuminate\\Foundation\\Http\\Middleware\\ValidatePostSize->handle(Object(Illuminate\\Http\\Request), Object(Closure))
#24 /home3/comfoiy7/public_html/vendor/laravel/framework/src/Illuminate/Foundation/Http/Middleware/CheckForMaintenanceMode.php(63): Illuminate\\Pipeline\\Pipeline->Illuminate\\Pipeline\\{closure}(Object(Illuminate\\Http\\Request))
#25 /home3/comfoiy7/public_html/vendor/laravel/framework/src/Illuminate/Pipeline/Pipeline.php(171): Illuminate\\Foundation\\Http\\Middleware\\CheckForMaintenanceMode->handle(Object(Illuminate\\Http\\Request), Object(Closure))
#26 /home3/comfoiy7/public_html/vendor/fideloper/proxy/src/TrustProxies.php(57): Illuminate\\Pipeline\\Pipeline->Illuminate\\Pipeline\\{closure}(Object(Illuminate\\Http\\Request))
#27 /home3/comfoiy7/public_html/vendor/laravel/framework/src/Illuminate/Pipeline/Pipeline.php(171): Fideloper\\Proxy\\TrustProxies->handle(Object(Illuminate\\Http\\Request), Object(Closure))
#28 /home3/comfoiy7/public_html/vendor/laravel/framework/src/Illuminate/Pipeline/Pipeline.php(105): Illuminate\\Pipeline\\Pipeline->Illuminate\\Pipeline\\{closure}(Object(Illuminate\\Http\\Request))
#29 /home3/comfoiy7/public_html/vendor/laravel/framework/src/Illuminate/Foundation/Http/Kernel.php(145): Illuminate\\Pipeline\\Pipeline->then(Object(Closure))
#30 /home3/comfoiy7/public_html/vendor/laravel/framework/src/Illuminate/Foundation/Http/Kernel.php(110): Illuminate\\Foundation\\Http\\Kernel->sendRequestThroughRouter(Object(Illuminate\\Http\\Request))
#31 /home3/comfoiy7/public_html/public/index.php(55): Illuminate\\Foundation\\Http\\Kernel->handle(Object(Illuminate\\Http\\Request))
#32 {main}
"} 
[2024-08-10 18:35:04] local.ERROR: SQLSTATE[HY000] [1045] Access denied for user 'root'@'localhost' (using password: NO) (SQL: select count(*) as aggregate from `wishlists` where `user_id` = 0) {"exception":"[object] (Illuminate\\Database\\QueryException(code: 1045): SQLSTATE[HY000] [1045] Access denied for user 'root'@'localhost' (using password: NO) (SQL: select count(*) as aggregate from `wishlists` where `user_id` = 0) at /home3/comfoiy7/public_html/vendor/laravel/framework/src/Illuminate/Database/Connection.php:669)
[stacktrace]
#0 /home3/comfoiy7/public_html/vendor/laravel/framework/src/Illuminate/Database/Connection.php(629): Illuminate\\Database\\Connection->runQueryCallback('select count(*)...', Array, Object(Closure))
#1 /home3/comfoiy7/public_html/vendor/laravel/framework/src/Illuminate/Database/Connection.php(338): Illuminate\\Database\\Connection->run('select count(*)...', Array, Object(Closure))
#2 /home3/comfoiy7/public_html/vendor/laravel/framework/src/Illuminate/Database/Query/Builder.php(2159): Illuminate\\Database\\Connection->select('select count(*)...', Array, true)
#3 /home3/comfoiy7/public_html/vendor/laravel/framework/src/Illuminate/Database/Query/Builder.php(2147): Illuminate\\Database\\Query\\Builder->runSelect()
#4 /home3/comfoiy7/public_html/vendor/laravel/framework/src/Illuminate/Database/Query/Builder.php(2619): Illuminate\\Database\\Query\\Builder->Illuminate\\Database\\Query\\{closure}()
#5 /home3/comfoiy7/public_html/vendor/laravel/framework/src/Illuminate/Database/Query/Builder.php(2148): Illuminate\\Database\\Query\\Builder->onceWithColumns(Array, Object(Closure))
#6 /home3/comfoiy7/public_html/vendor/laravel/framework/src/Illuminate/Database/Query/Builder.php(2546): Illuminate\\Database\\Query\\Builder->get(Array)
#7 /home3/comfoiy7/public_html/vendor/laravel/framework/src/Illuminate/Database/Query/Builder.php(2474): Illuminate\\Database\\Query\\Builder->aggregate('count', Array)
#8 /home3/comfoiy7/public_html/vendor/laravel/framework/src/Illuminate/Database/Eloquent/Builder.php(1385): Illuminate\\Database\\Query\\Builder->count()
#9 /home3/comfoiy7/public_html/app/Http/Middleware/CheckUserAuth.php(20): Illuminate\\Database\\Eloquent\\Builder->__call('count', Array)
#10 /home3/comfoiy7/public_html/vendor/laravel/framework/src/Illuminate/Pipeline/Pipeline.php(171): App\\Http\\Middleware\\CheckUserAuth->handle(Object(Illuminate\\Http\\Request), Object(Closure))
#11 /home3/comfoiy7/public_html/vendor/laravel/framework/src/Illuminate/Routing/Middleware/SubstituteBindings.php(41): Illuminate\\Pipeline\\Pipeline->Illuminate\\Pipeline\\{closure}(Object(Illuminate\\Http\\Request))
#12 /home3/comfoiy7/public_html/vendor/laravel/framework/src/Illuminate/Pipeline/Pipeline.php(171): Illuminate\\Routing\\Middleware\\SubstituteBindings->handle(Object(Illuminate\\Http\\Request), Object(Closure))
#13 /home3/comfoiy7/public_html/vendor/laravel/framework/src/Illuminate/Foundation/Http/Middleware/VerifyCsrfToken.php(78): Illuminate\\Pipeline\\Pipeline->Illuminate\\Pipeline\\{closure}(Object(Illuminate\\Http\\Request))
#14 /home3/comfoiy7/public_html/vendor/laravel/framework/src/Illuminate/Pipeline/Pipeline.php(171): Illuminate\\Foundation\\Http\\Middleware\\VerifyCsrfToken->handle(Object(Illuminate\\Http\\Request), Object(Closure))
#15 /home3/comfoiy7/public_html/vendor/laravel/framework/src/Illuminate/View/Middleware/ShareErrorsFromSession.php(49): Illuminate\\Pipeline\\Pipeline->Illuminate\\Pipeline\\{closure}(Object(Illuminate\\Http\\Request))
#16 /home3/comfoiy7/public_html/vendor/laravel/framework/src/Illuminate/Pipeline/Pipeline.php(171): Illuminate\\View\\Middleware\\ShareErrorsFromSession->handle(Object(Illuminate\\Http\\Request), Object(Closure))
#17 /home3/comfoiy7/public_html/vendor/laravel/framework/src/Illuminate/Session/Middleware/StartSession.php(56): Illuminate\\Pipeline\\Pipeline->Illuminate\\Pipeline\\{closure}(Object(Illuminate\\Http\\Request))
#18 /home3/comfoiy7/public_html/vendor/laravel/framework/src/Illuminate/Pipeline/Pipeline.php(171): Illuminate\\Session\\Middleware\\StartSession->handle(Object(Illuminate\\Http\\Request), Object(Closure))
#19 /home3/comfoiy7/public_html/vendor/laravel/framework/src/Illuminate/Cookie/Middleware/AddQueuedCookiesToResponse.php(37): Illuminate\\Pipeline\\Pipeline->Illuminate\\Pipeline\\{closure}(Object(Illuminate\\Http\\Request))
#20 /home3/comfoiy7/public_html/vendor/laravel/framework/src/Illuminate/Pipeline/Pipeline.php(171): Illuminate\\Cookie\\Middleware\\AddQueuedCookiesToResponse->handle(Object(Illuminate\\Http\\Request), Object(Closure))
#21 /home3/comfoiy7/public_html/vendor/laravel/framework/src/Illuminate/Cookie/Middleware/EncryptCookies.php(67): Illuminate\\Pipeline\\Pipeline->Illuminate\\Pipeline\\{closure}(Object(Illuminate\\Http\\Request))
#22 /home3/comfoiy7/public_html/vendor/laravel/framework/src/Illuminate/Pipeline/Pipeline.php(171): Illuminate\\Cookie\\Middleware\\EncryptCookies->handle(Object(Illuminate\\Http\\Request), Object(Closure))
#23 /home3/comfoiy7/public_html/vendor/laravel/framework/src/Illuminate/Pipeline/Pipeline.php(105): Illuminate\\Pipeline\\Pipeline->Illuminate\\Pipeline\\{closure}(Object(Illuminate\\Http\\Request))
#24 /home3/comfoiy7/public_html/vendor/laravel/framework/src/Illuminate/Routing/Router.php(683): Illuminate\\Pipeline\\Pipeline->then(Object(Closure))
#25 /home3/comfoiy7/public_html/vendor/laravel/framework/src/Illuminate/Routing/Router.php(658): Illuminate\\Routing\\Router->runRouteWithinStack(Object(Illuminate\\Routing\\Route), Object(Illuminate\\Http\\Request))
#26 /home3/comfoiy7/public_html/vendor/laravel/framework/src/Illuminate/Routing/Router.php(624): Illuminate\\Routing\\Router->runRoute(Object(Illuminate\\Http\\Request), Object(Illuminate\\Routing\\Route))
#27 /home3/comfoiy7/public_html/vendor/laravel/framework/src/Illuminate/Routing/Router.php(613): Illuminate\\Routing\\Router->dispatchToRoute(Object(Illuminate\\Http\\Request))
#28 /home3/comfoiy7/public_html/vendor/laravel/framework/src/Illuminate/Foundation/Http/Kernel.php(170): Illuminate\\Routing\\Router->dispatch(Object(Illuminate\\Http\\Request))
#29 /home3/comfoiy7/public_html/vendor/laravel/framework/src/Illuminate/Pipeline/Pipeline.php(130): Illuminate\\Foundation\\Http\\Kernel->Illuminate\\Foundation\\Http\\{closure}(Object(Illuminate\\Http\\Request))
#30 /home3/comfoiy7/public_html/vendor/laravel/framework/src/Illuminate/Foundation/Http/Middleware/TransformsRequest.php(21): Illuminate\\Pipeline\\Pipeline->Illuminate\\Pipeline\\{closure}(Object(Illuminate\\Http\\Request))
#31 /home3/comfoiy7/public_html/vendor/laravel/framework/src/Illuminate/Pipeline/Pipeline.php(171): Illuminate\\Foundation\\Http\\Middleware\\TransformsRequest->handle(Object(Illuminate\\Http\\Request), Object(Closure))
#32 /home3/comfoiy7/public_html/vendor/laravel/framework/src/Illuminate/Foundation/Http/Middleware/TransformsRequest.php(21): Illuminate\\Pipeline\\Pipeline->Illuminate\\Pipeline\\{closure}(Object(Illuminate\\Http\\Request))
#33 /home3/comfoiy7/public_html/vendor/laravel/framework/src/Illuminate/Pipeline/Pipeline.php(171): Illuminate\\Foundation\\Http\\Middleware\\TransformsRequest->handle(Object(Illuminate\\Http\\Request), Object(Closure))
#34 /home3/comfoiy7/public_html/vendor/laravel/framework/src/Illuminate/Foundation/Http/Middleware/ValidatePostSize.php(27): Illuminate\\Pipeline\\Pipeline->Illuminate\\Pipeline\\{closure}(Object(Illuminate\\Http\\Request))
#35 /home3/comfoiy7/public_html/vendor/laravel/framework/src/Illuminate/Pipeline/Pipeline.php(171): Illuminate\\Foundation\\Http\\Middleware\\ValidatePostSize->handle(Object(Illuminate\\Http\\Request), Object(Closure))
#36 /home3/comfoiy7/public_html/vendor/laravel/framework/src/Illuminate/Foundation/Http/Middleware/CheckForMaintenanceMode.php(63): Illuminate\\Pipeline\\Pipeline->Illuminate\\Pipeline\\{closure}(Object(Illuminate\\Http\\Request))
#37 /home3/comfoiy7/public_html/vendor/laravel/framework/src/Illuminate/Pipeline/Pipeline.php(171): Illuminate\\Foundation\\Http\\Middleware\\CheckForMaintenanceMode->handle(Object(Illuminate\\Http\\Request), Object(Closure))
#38 /home3/comfoiy7/public_html/vendor/fideloper/proxy/src/TrustProxies.php(57): Illuminate\\Pipeline\\Pipeline->Illuminate\\Pipeline\\{closure}(Object(Illuminate\\Http\\Request))
#39 /home3/comfoiy7/public_html/vendor/laravel/framework/src/Illuminate/Pipeline/Pipeline.php(171): Fideloper\\Proxy\\TrustProxies->handle(Object(Illuminate\\Http\\Request), Object(Closure))
#40 /home3/comfoiy7/public_html/vendor/laravel/framework/src/Illuminate/Pipeline/Pipeline.php(105): Illuminate\\Pipeline\\Pipeline->Illuminate\\Pipeline\\{closure}(Object(Illuminate\\Http\\Request))
#41 /home3/comfoiy7/public_html/vendor/laravel/framework/src/Illuminate/Foundation/Http/Kernel.php(145): Illuminate\\Pipeline\\Pipeline->then(Object(Closure))
#42 /home3/comfoiy7/public_html/vendor/laravel/framework/src/Illuminate/Foundation/Http/Kernel.php(110): Illuminate\\Foundation\\Http\\Kernel->sendRequestThroughRouter(Object(Illuminate\\Http\\Request))
#43 /home3/comfoiy7/public_html/public/index.php(55): Illuminate\\Foundation\\Http\\Kernel->handle(Object(Illuminate\\Http\\Request))
#44 {main}

[previous exception] [object] (Doctrine\\DBAL\\Driver\\PDO\\Exception(code: 1045): SQLSTATE[HY000] [1045] Access denied for user 'root'@'localhost' (using password: NO) at /home3/comfoiy7/public_html/vendor/doctrine/dbal/lib/Doctrine/DBAL/Driver/PDO/Exception.php:18)
[stacktrace]
#0 /home3/comfoiy7/public_html/vendor/doctrine/dbal/lib/Doctrine/DBAL/Driver/PDOConnection.php(44): Doctrine\\DBAL\\Driver\\PDO\\Exception::new(Object(PDOException))
#1 /home3/comfoiy7/public_html/vendor/laravel/framework/src/Illuminate/Database/Connectors/Connector.php(67): Doctrine\\DBAL\\Driver\\PDOConnection->__construct('mysql:host=127....', 'root', '', Array)
#2 /home3/comfoiy7/public_html/vendor/laravel/framework/src/Illuminate/Database/Connectors/Connector.php(46): Illuminate\\Database\\Connectors\\Connector->createPdoConnection('mysql:host=127....', 'root', '', Array)
#3 /home3/comfoiy7/public_html/vendor/laravel/framework/src/Illuminate/Database/Connectors/MySqlConnector.php(24): Illuminate\\Database\\Connectors\\Connector->createConnection('mysql:host=127....', Array, Array)
#4 /home3/comfoiy7/public_html/vendor/laravel/framework/src/Illuminate/Database/Connectors/ConnectionFactory.php(182): Illuminate\\Database\\Connectors\\MySqlConnector->connect(Array)
#5 [internal function]: Illuminate\\Database\\Connectors\\ConnectionFactory->Illuminate\\Database\\Connectors\\{closure}()
#6 /home3/comfoiy7/public_html/vendor/laravel/framework/src/Illuminate/Database/Connection.php(924): call_user_func(Object(Closure))
#7 /home3/comfoiy7/public_html/vendor/laravel/framework/src/Illuminate/Database/Connection.php(959): Illuminate\\Database\\Connection->getPdo()
#8 /home3/comfoiy7/public_html/vendor/laravel/framework/src/Illuminate/Database/Connection.php(404): Illuminate\\Database\\Connection->getReadPdo()
#9 /home3/comfoiy7/public_html/vendor/laravel/framework/src/Illuminate/Database/Connection.php(330): Illuminate\\Database\\Connection->getPdoForSelect(true)
#10 /home3/comfoiy7/public_html/vendor/laravel/framework/src/Illuminate/Database/Connection.php(662): Illuminate\\Database\\Connection->Illuminate\\Database\\{closure}('select count(*)...', Array)
#11 /home3/comfoiy7/public_html/vendor/laravel/framework/src/Illuminate/Database/Connection.php(629): Illuminate\\Database\\Connection->runQueryCallback('select count(*)...', Array, Object(Closure))
#12 /home3/comfoiy7/public_html/vendor/laravel/framework/src/Illuminate/Database/Connection.php(338): Illuminate\\Database\\Connection->run('select count(*)...', Array, Object(Closure))
#13 /home3/comfoiy7/public_html/vendor/laravel/framework/src/Illuminate/Database/Query/Builder.php(2159): Illuminate\\Database\\Connection->select('select count(*)...', Array, true)
#14 /home3/comfoiy7/public_html/vendor/laravel/framework/src/Illuminate/Database/Query/Builder.php(2147): Illuminate\\Database\\Query\\Builder->runSelect()
#15 /home3/comfoiy7/public_html/vendor/laravel/framework/src/Illuminate/Database/Query/Builder.php(2619): Illuminate\\Database\\Query\\Builder->Illuminate\\Database\\Query\\{closure}()
#16 /home3/comfoiy7/public_html/vendor/laravel/framework/src/Illuminate/Database/Query/Builder.php(2148): Illuminate\\Database\\Query\\Builder->onceWithColumns(Array, Object(Closure))
#17 /home3/comfoiy7/public_html/vendor/laravel/framework/src/Illuminate/Database/Query/Builder.php(2546): Illuminate\\Database\\Query\\Builder->get(Array)
#18 /home3/comfoiy7/public_html/vendor/laravel/framework/src/Illuminate/Database/Query/Builder.php(2474): Illuminate\\Database\\Query\\Builder->aggregate('count', Array)
#19 /home3/comfoiy7/public_html/vendor/laravel/framework/src/Illuminate/Database/Eloquent/Builder.php(1385): Illuminate\\Database\\Query\\Builder->count()
#20 /home3/comfoiy7/public_html/app/Http/Middleware/CheckUserAuth.php(20): Illuminate\\Database\\Eloquent\\Builder->__call('count', Array)
#21 /home3/comfoiy7/public_html/vendor/laravel/framework/src/Illuminate/Pipeline/Pipeline.php(171): App\\Http\\Middleware\\CheckUserAuth->handle(Object(Illuminate\\Http\\Request), Object(Closure))
#22 /home3/comfoiy7/public_html/vendor/laravel/framework/src/Illuminate/Routing/Middleware/SubstituteBindings.php(41): Illuminate\\Pipeline\\Pipeline->Illuminate\\Pipeline\\{closure}(Object(Illuminate\\Http\\Request))
#23 /home3/comfoiy7/public_html/vendor/laravel/framework/src/Illuminate/Pipeline/Pipeline.php(171): Illuminate\\Routing\\Middleware\\SubstituteBindings->handle(Object(Illuminate\\Http\\Request), Object(Closure))
#24 /home3/comfoiy7/public_html/vendor/laravel/framework/src/Illuminate/Foundation/Http/Middleware/VerifyCsrfToken.php(78): Illuminate\\Pipeline\\Pipeline->Illuminate\\Pipeline\\{closure}(Object(Illuminate\\Http\\Request))
#25 /home3/comfoiy7/public_html/vendor/laravel/framework/src/Illuminate/Pipeline/Pipeline.php(171): Illuminate\\Foundation\\Http\\Middleware\\VerifyCsrfToken->handle(Object(Illuminate\\Http\\Request), Object(Closure))
#26 /home3/comfoiy7/public_html/vendor/laravel/framework/src/Illuminate/View/Middleware/ShareErrorsFromSession.php(49): Illuminate\\Pipeline\\Pipeline->Illuminate\\Pipeline\\{closure}(Object(Illuminate\\Http\\Request))
#27 /home3/comfoiy7/public_html/vendor/laravel/framework/src/Illuminate/Pipeline/Pipeline.php(171): Illuminate\\View\\Middleware\\ShareErrorsFromSession->handle(Object(Illuminate\\Http\\Request), Object(Closure))
#28 /home3/comfoiy7/public_html/vendor/laravel/framework/src/Illuminate/Session/Middleware/StartSession.php(56): Illuminate\\Pipeline\\Pipeline->Illuminate\\Pipeline\\{closure}(Object(Illuminate\\Http\\Request))
#29 /home3/comfoiy7/public_html/vendor/laravel/framework/src/Illuminate/Pipeline/Pipeline.php(171): Illuminate\\Session\\Middleware\\StartSession->handle(Object(Illuminate\\Http\\Request), Object(Closure))
#30 /home3/comfoiy7/public_html/vendor/laravel/framework/src/Illuminate/Cookie/Middleware/AddQueuedCookiesToResponse.php(37): Illuminate\\Pipeline\\Pipeline->Illuminate\\Pipeline\\{closure}(Object(Illuminate\\Http\\Request))
#31 /home3/comfoiy7/public_html/vendor/laravel/framework/src/Illuminate/Pipeline/Pipeline.php(171): Illuminate\\Cookie\\Middleware\\AddQueuedCookiesToResponse->handle(Object(Illuminate\\Http\\Request), Object(Closure))
#32 /home3/comfoiy7/public_html/vendor/laravel/framework/src/Illuminate/Cookie/Middleware/EncryptCookies.php(67): Illuminate\\Pipeline\\Pipeline->Illuminate\\Pipeline\\{closure}(Object(Illuminate\\Http\\Request))
#33 /home3/comfoiy7/public_html/vendor/laravel/framework/src/Illuminate/Pipeline/Pipeline.php(171): Illuminate\\Cookie\\Middleware\\EncryptCookies->handle(Object(Illuminate\\Http\\Request), Object(Closure))
#34 /home3/comfoiy7/public_html/vendor/laravel/framework/src/Illuminate/Pipeline/Pipeline.php(105): Illuminate\\Pipeline\\Pipeline->Illuminate\\Pipeline\\{closure}(Object(Illuminate\\Http\\Request))
#35 /home3/comfoiy7/public_html/vendor/laravel/framework/src/Illuminate/Routing/Router.php(683): Illuminate\\Pipeline\\Pipeline->then(Object(Closure))
#36 /home3/comfoiy7/public_html/vendor/laravel/framework/src/Illuminate/Routing/Router.php(658): Illuminate\\Routing\\Router->runRouteWithinStack(Object(Illuminate\\Routing\\Route), Object(Illuminate\\Http\\Request))
#37 /home3/comfoiy7/public_html/vendor/laravel/framework/src/Illuminate/Routing/Router.php(624): Illuminate\\Routing\\Router->runRoute(Object(Illuminate\\Http\\Request), Object(Illuminate\\Routing\\Route))
#38 /home3/comfoiy7/public_html/vendor/laravel/framework/src/Illuminate/Routing/Router.php(613): Illuminate\\Routing\\Router->dispatchToRoute(Object(Illuminate\\Http\\Request))
#39 /home3/comfoiy7/public_html/vendor/laravel/framework/src/Illuminate/Foundation/Http/Kernel.php(170): Illuminate\\Routing\\Router->dispatch(Object(Illuminate\\Http\\Request))
#40 /home3/comfoiy7/public_html/vendor/laravel/framework/src/Illuminate/Pipeline/Pipeline.php(130): Illuminate\\Foundation\\Http\\Kernel->Illuminate\\Foundation\\Http\\{closure}(Object(Illuminate\\Http\\Request))
#41 /home3/comfoiy7/public_html/vendor/laravel/framework/src/Illuminate/Foundation/Http/Middleware/TransformsRequest.php(21): Illuminate\\Pipeline\\Pipeline->Illuminate\\Pipeline\\{closure}(Object(Illuminate\\Http\\Request))
#42 /home3/comfoiy7/public_html/vendor/laravel/framework/src/Illuminate/Pipeline/Pipeline.php(171): Illuminate\\Foundation\\Http\\Middleware\\TransformsRequest->handle(Object(Illuminate\\Http\\Request), Object(Closure))
#43 /home3/comfoiy7/public_html/vendor/laravel/framework/src/Illuminate/Foundation/Http/Middleware/TransformsRequest.php(21): Illuminate\\Pipeline\\Pipeline->Illuminate\\Pipeline\\{closure}(Object(Illuminate\\Http\\Request))
#44 /home3/comfoiy7/public_html/vendor/laravel/framework/src/Illuminate/Pipeline/Pipeline.php(171): Illuminate\\Foundation\\Http\\Middleware\\TransformsRequest->handle(Object(Illuminate\\Http\\Request), Object(Closure))
#45 /home3/comfoiy7/public_html/vendor/laravel/framework/src/Illuminate/Foundation/Http/Middleware/ValidatePostSize.php(27): Illuminate\\Pipeline\\Pipeline->Illuminate\\Pipeline\\{closure}(Object(Illuminate\\Http\\Request))
#46 /home3/comfoiy7/public_html/vendor/laravel/framework/src/Illuminate/Pipeline/Pipeline.php(171): Illuminate\\Foundation\\Http\\Middleware\\ValidatePostSize->handle(Object(Illuminate\\Http\\Request), Object(Closure))
#47 /home3/comfoiy7/public_html/vendor/laravel/framework/src/Illuminate/Foundation/Http/Middleware/CheckForMaintenanceMode.php(63): Illuminate\\Pipeline\\Pipeline->Illuminate\\Pipeline\\{closure}(Object(Illuminate\\Http\\Request))
#48 /home3/comfoiy7/public_html/vendor/laravel/framework/src/Illuminate/Pipeline/Pipeline.php(171): Illuminate\\Foundation\\Http\\Middleware\\CheckForMaintenanceMode->handle(Object(Illuminate\\Http\\Request), Object(Closure))
#49 /home3/comfoiy7/public_html/vendor/fideloper/proxy/src/TrustProxies.php(57): Illuminate\\Pipeline\\Pipeline->Illuminate\\Pipeline\\{closure}(Object(Illuminate\\Http\\Request))
#50 /home3/comfoiy7/public_html/vendor/laravel/framework/src/Illuminate/Pipeline/Pipeline.php(171): Fideloper\\Proxy\\TrustProxies->handle(Object(Illuminate\\Http\\Request), Object(Closure))
#51 /home3/comfoiy7/public_html/vendor/laravel/framework/src/Illuminate/Pipeline/Pipeline.php(105): Illuminate\\Pipeline\\Pipeline->Illuminate\\Pipeline\\{closure}(Object(Illuminate\\Http\\Request))
#52 /home3/comfoiy7/public_html/vendor/laravel/framework/src/Illuminate/Foundation/Http/Kernel.php(145): Illuminate\\Pipeline\\Pipeline->then(Object(Closure))
#53 /home3/comfoiy7/public_html/vendor/laravel/framework/src/Illuminate/Foundation/Http/Kernel.php(110): Illuminate\\Foundation\\Http\\Kernel->sendRequestThroughRouter(Object(Illuminate\\Http\\Request))
#54 /home3/comfoiy7/public_html/public/index.php(55): Illuminate\\Foundation\\Http\\Kernel->handle(Object(Illuminate\\Http\\Request))
#55 {main}

[previous exception] [object] (PDOException(code: 1045): SQLSTATE[HY000] [1045] Access denied for user 'root'@'localhost' (using password: NO) at /home3/comfoiy7/public_html/vendor/doctrine/dbal/lib/Doctrine/DBAL/Driver/PDOConnection.php:40)
[stacktrace]
#0 /home3/comfoiy7/public_html/vendor/doctrine/dbal/lib/Doctrine/DBAL/Driver/PDOConnection.php(40): PDO->__construct('mysql:host=127....', 'root', '', Array)
#1 /home3/comfoiy7/public_html/vendor/laravel/framework/src/Illuminate/Database/Connectors/Connector.php(67): Doctrine\\DBAL\\Driver\\PDOConnection->__construct('mysql:host=127....', 'root', '', Array)
#2 /home3/comfoiy7/public_html/vendor/laravel/framework/src/Illuminate/Database/Connectors/Connector.php(46): Illuminate\\Database\\Connectors\\Connector->createPdoConnection('mysql:host=127....', 'root', '', Array)
#3 /home3/comfoiy7/public_html/vendor/laravel/framework/src/Illuminate/Database/Connectors/MySqlConnector.php(24): Illuminate\\Database\\Connectors\\Connector->createConnection('mysql:host=127....', Array, Array)
#4 /home3/comfoiy7/public_html/vendor/laravel/framework/src/Illuminate/Database/Connectors/ConnectionFactory.php(182): Illuminate\\Database\\Connectors\\MySqlConnector->connect(Array)
#5 [internal function]: Illuminate\\Database\\Connectors\\ConnectionFactory->Illuminate\\Database\\Connectors\\{closure}()
#6 /home3/comfoiy7/public_html/vendor/laravel/framework/src/Illuminate/Database/Connection.php(924): call_user_func(Object(Closure))
#7 /home3/comfoiy7/public_html/vendor/laravel/framework/src/Illuminate/Database/Connection.php(959): Illuminate\\Database\\Connection->getPdo()
#8 /home3/comfoiy7/public_html/vendor/laravel/framework/src/Illuminate/Database/Connection.php(404): Illuminate\\Database\\Connection->getReadPdo()
#9 /home3/comfoiy7/public_html/vendor/laravel/framework/src/Illuminate/Database/Connection.php(330): Illuminate\\Database\\Connection->getPdoForSelect(true)
#10 /home3/comfoiy7/public_html/vendor/laravel/framework/src/Illuminate/Database/Connection.php(662): Illuminate\\Database\\Connection->Illuminate\\Database\\{closure}('select count(*)...', Array)
#11 /home3/comfoiy7/public_html/vendor/laravel/framework/src/Illuminate/Database/Connection.php(629): Illuminate\\Database\\Connection->runQueryCallback('select count(*)...', Array, Object(Closure))
#12 /home3/comfoiy7/public_html/vendor/laravel/framework/src/Illuminate/Database/Connection.php(338): Illuminate\\Database\\Connection->run('select count(*)...', Array, Object(Closure))
#13 /home3/comfoiy7/public_html/vendor/laravel/framework/src/Illuminate/Database/Query/Builder.php(2159): Illuminate\\Database\\Connection->select('select count(*)...', Array, true)
#14 /home3/comfoiy7/public_html/vendor/laravel/framework/src/Illuminate/Database/Query/Builder.php(2147): Illuminate\\Database\\Query\\Builder->runSelect()
#15 /home3/comfoiy7/public_html/vendor/laravel/framework/src/Illuminate/Database/Query/Builder.php(2619): Illuminate\\Database\\Query\\Builder->Illuminate\\Database\\Query\\{closure}()
#16 /home3/comfoiy7/public_html/vendor/laravel/framework/src/Illuminate/Database/Query/Builder.php(2148): Illuminate\\Database\\Query\\Builder->onceWithColumns(Array, Object(Closure))
#17 /home3/comfoiy7/public_html/vendor/laravel/framework/src/Illuminate/Database/Query/Builder.php(2546): Illuminate\\Database\\Query\\Builder->get(Array)
#18 /home3/comfoiy7/public_html/vendor/laravel/framework/src/Illuminate/Database/Query/Builder.php(2474): Illuminate\\Database\\Query\\Builder->aggregate('count', Array)
#19 /home3/comfoiy7/public_html/vendor/laravel/framework/src/Illuminate/Database/Eloquent/Builder.php(1385): Illuminate\\Database\\Query\\Builder->count()
#20 /home3/comfoiy7/public_html/app/Http/Middleware/CheckUserAuth.php(20): Illuminate\\Database\\Eloquent\\Builder->__call('count', Array)
#21 /home3/comfoiy7/public_html/vendor/laravel/framework/src/Illuminate/Pipeline/Pipeline.php(171): App\\Http\\Middleware\\CheckUserAuth->handle(Object(Illuminate\\Http\\Request), Object(Closure))
#22 /home3/comfoiy7/public_html/vendor/laravel/framework/src/Illuminate/Routing/Middleware/SubstituteBindings.php(41): Illuminate\\Pipeline\\Pipeline->Illuminate\\Pipeline\\{closure}(Object(Illuminate\\Http\\Request))
#23 /home3/comfoiy7/public_html/vendor/laravel/framework/src/Illuminate/Pipeline/Pipeline.php(171): Illuminate\\Routing\\Middleware\\SubstituteBindings->handle(Object(Illuminate\\Http\\Request), Object(Closure))
#24 /home3/comfoiy7/public_html/vendor/laravel/framework/src/Illuminate/Foundation/Http/Middleware/VerifyCsrfToken.php(78): Illuminate\\Pipeline\\Pipeline->Illuminate\\Pipeline\\{closure}(Object(Illuminate\\Http\\Request))
#25 /home3/comfoiy7/public_html/vendor/laravel/framework/src/Illuminate/Pipeline/Pipeline.php(171): Illuminate\\Foundation\\Http\\Middleware\\VerifyCsrfToken->handle(Object(Illuminate\\Http\\Request), Object(Closure))
#26 /home3/comfoiy7/public_html/vendor/laravel/framework/src/Illuminate/View/Middleware/ShareErrorsFromSession.php(49): Illuminate\\Pipeline\\Pipeline->Illuminate\\Pipeline\\{closure}(Object(Illuminate\\Http\\Request))
#27 /home3/comfoiy7/public_html/vendor/laravel/framework/src/Illuminate/Pipeline/Pipeline.php(171): Illuminate\\View\\Middleware\\ShareErrorsFromSession->handle(Object(Illuminate\\Http\\Request), Object(Closure))
#28 /home3/comfoiy7/public_html/vendor/laravel/framework/src/Illuminate/Session/Middleware/StartSession.php(56): Illuminate\\Pipeline\\Pipeline->Illuminate\\Pipeline\\{closure}(Object(Illuminate\\Http\\Request))
#29 /home3/comfoiy7/public_html/vendor/laravel/framework/src/Illuminate/Pipeline/Pipeline.php(171): Illuminate\\Session\\Middleware\\StartSession->handle(Object(Illuminate\\Http\\Request), Object(Closure))
#30 /home3/comfoiy7/public_html/vendor/laravel/framework/src/Illuminate/Cookie/Middleware/AddQueuedCookiesToResponse.php(37): Illuminate\\Pipeline\\Pipeline->Illuminate\\Pipeline\\{closure}(Object(Illuminate\\Http\\Request))
#31 /home3/comfoiy7/public_html/vendor/laravel/framework/src/Illuminate/Pipeline/Pipeline.php(171): Illuminate\\Cookie\\Middleware\\AddQueuedCookiesToResponse->handle(Object(Illuminate\\Http\\Request), Object(Closure))
#32 /home3/comfoiy7/public_html/vendor/laravel/framework/src/Illuminate/Cookie/Middleware/EncryptCookies.php(67): Illuminate\\Pipeline\\Pipeline->Illuminate\\Pipeline\\{closure}(Object(Illuminate\\Http\\Request))
#33 /home3/comfoiy7/public_html/vendor/laravel/framework/src/Illuminate/Pipeline/Pipeline.php(171): Illuminate\\Cookie\\Middleware\\EncryptCookies->handle(Object(Illuminate\\Http\\Request), Object(Closure))
#34 /home3/comfoiy7/public_html/vendor/laravel/framework/src/Illuminate/Pipeline/Pipeline.php(105): Illuminate\\Pipeline\\Pipeline->Illuminate\\Pipeline\\{closure}(Object(Illuminate\\Http\\Request))
#35 /home3/comfoiy7/public_html/vendor/laravel/framework/src/Illuminate/Routing/Router.php(683): Illuminate\\Pipeline\\Pipeline->then(Object(Closure))
#36 /home3/comfoiy7/public_html/vendor/laravel/framework/src/Illuminate/Routing/Router.php(658): Illuminate\\Routing\\Router->runRouteWithinStack(Object(Illuminate\\Routing\\Route), Object(Illuminate\\Http\\Request))
#37 /home3/comfoiy7/public_html/vendor/laravel/framework/src/Illuminate/Routing/Router.php(624): Illuminate\\Routing\\Router->runRoute(Object(Illuminate\\Http\\Request), Object(Illuminate\\Routing\\Route))
#38 /home3/comfoiy7/public_html/vendor/laravel/framework/src/Illuminate/Routing/Router.php(613): Illuminate\\Routing\\Router->dispatchToRoute(Object(Illuminate\\Http\\Request))
#39 /home3/comfoiy7/public_html/vendor/laravel/framework/src/Illuminate/Foundation/Http/Kernel.php(170): Illuminate\\Routing\\Router->dispatch(Object(Illuminate\\Http\\Request))
#40 /home3/comfoiy7/public_html/vendor/laravel/framework/src/Illuminate/Pipeline/Pipeline.php(130): Illuminate\\Foundation\\Http\\Kernel->Illuminate\\Foundation\\Http\\{closure}(Object(Illuminate\\Http\\Request))
#41 /home3/comfoiy7/public_html/vendor/laravel/framework/src/Illuminate/Foundation/Http/Middleware/TransformsRequest.php(21): Illuminate\\Pipeline\\Pipeline->Illuminate\\Pipeline\\{closure}(Object(Illuminate\\Http\\Request))
#42 /home3/comfoiy7/public_html/vendor/laravel/framework/src/Illuminate/Pipeline/Pipeline.php(171): Illuminate\\Foundation\\Http\\Middleware\\TransformsRequest->handle(Object(Illuminate\\Http\\Request), Object(Closure))
#43 /home3/comfoiy7/public_html/vendor/laravel/framework/src/Illuminate/Foundation/Http/Middleware/TransformsRequest.php(21): Illuminate\\Pipeline\\Pipeline->Illuminate\\Pipeline\\{closure}(Object(Illuminate\\Http\\Request))
#44 /home3/comfoiy7/public_html/vendor/laravel/framework/src/Illuminate/Pipeline/Pipeline.php(171): Illuminate\\Foundation\\Http\\Middleware\\TransformsRequest->handle(Object(Illuminate\\Http\\Request), Object(Closure))
#45 /home3/comfoiy7/public_html/vendor/laravel/framework/src/Illuminate/Foundation/Http/Middleware/ValidatePostSize.php(27): Illuminate\\Pipeline\\Pipeline->Illuminate\\Pipeline\\{closure}(Object(Illuminate\\Http\\Request))
#46 /home3/comfoiy7/public_html/vendor/laravel/framework/src/Illuminate/Pipeline/Pipeline.php(171): Illuminate\\Foundation\\Http\\Middleware\\ValidatePostSize->handle(Object(Illuminate\\Http\\Request), Object(Closure))
#47 /home3/comfoiy7/public_html/vendor/laravel/framework/src/Illuminate/Foundation/Http/Middleware/CheckForMaintenanceMode.php(63): Illuminate\\Pipeline\\Pipeline->Illuminate\\Pipeline\\{closure}(Object(Illuminate\\Http\\Request))
#48 /home3/comfoiy7/public_html/vendor/laravel/framework/src/Illuminate/Pipeline/Pipeline.php(171): Illuminate\\Foundation\\Http\\Middleware\\CheckForMaintenanceMode->handle(Object(Illuminate\\Http\\Request), Object(Closure))
#49 /home3/comfoiy7/public_html/vendor/fideloper/proxy/src/TrustProxies.php(57): Illuminate\\Pipeline\\Pipeline->Illuminate\\Pipeline\\{closure}(Object(Illuminate\\Http\\Request))
#50 /home3/comfoiy7/public_html/vendor/laravel/framework/src/Illuminate/Pipeline/Pipeline.php(171): Fideloper\\Proxy\\TrustProxies->handle(Object(Illuminate\\Http\\Request), Object(Closure))
#51 /home3/comfoiy7/public_html/vendor/laravel/framework/src/Illuminate/Pipeline/Pipeline.php(105): Illuminate\\Pipeline\\Pipeline->Illuminate\\Pipeline\\{closure}(Object(Illuminate\\Http\\Request))
#52 /home3/comfoiy7/public_html/vendor/laravel/framework/src/Illuminate/Foundation/Http/Kernel.php(145): Illuminate\\Pipeline\\Pipeline->then(Object(Closure))
#53 /home3/comfoiy7/public_html/vendor/laravel/framework/src/Illuminate/Foundation/Http/Kernel.php(110): Illuminate\\Foundation\\Http\\Kernel->sendRequestThroughRouter(Object(Illuminate\\Http\\Request))
#54 /home3/comfoiy7/public_html/public/index.php(55): Illuminate\\Foundation\\Http\\Kernel->handle(Object(Illuminate\\Http\\Request))
#55 {main}
"} 
[2024-08-10 18:35:05] local.ERROR: file_put_contents(C:\xampp7.4\htdocs\vardha_shoes\storage\framework/sessions/sgUZUZ4VZZM1zJ922lMmqBO0rueZOZIU4x3BDznF): failed to open stream: No such file or directory {"exception":"[object] (ErrorException(code: 0): file_put_contents(C:\\xampp7.4\\htdocs\\vardha_shoes\\storage\\framework/sessions/sgUZUZ4VZZM1zJ922lMmqBO0rueZOZIU4x3BDznF): failed to open stream: No such file or directory at /home3/comfoiy7/public_html/vendor/laravel/framework/src/Illuminate/Filesystem/Filesystem.php:133)
[stacktrace]
#0 [internal function]: Illuminate\\Foundation\\Bootstrap\\HandleExceptions->handleError(2, 'file_put_conten...', '/home3/comfoiy7...', 133, Array)
#1 /home3/comfoiy7/public_html/vendor/laravel/framework/src/Illuminate/Filesystem/Filesystem.php(133): file_put_contents('C:\\\\xampp7.4\\\\htd...', 'a:3:{s:6:\"_toke...', 2)
#2 /home3/comfoiy7/public_html/vendor/laravel/framework/src/Illuminate/Session/FileSessionHandler.php(83): Illuminate\\Filesystem\\Filesystem->put('C:\\\\xampp7.4\\\\htd...', 'a:3:{s:6:\"_toke...', true)
#3 /home3/comfoiy7/public_html/vendor/laravel/framework/src/Illuminate/Session/Store.php(129): Illuminate\\Session\\FileSessionHandler->write('sgUZUZ4VZZM1zJ9...', 'a:3:{s:6:\"_toke...')
#4 /home3/comfoiy7/public_html/vendor/laravel/framework/src/Illuminate/Session/Middleware/StartSession.php(170): Illuminate\\Session\\Store->save()
#5 /home3/comfoiy7/public_html/vendor/laravel/framework/src/Illuminate/Session/Middleware/StartSession.php(65): Illuminate\\Session\\Middleware\\StartSession->saveSession(Object(Illuminate\\Http\\Request))
#6 /home3/comfoiy7/public_html/vendor/laravel/framework/src/Illuminate/Pipeline/Pipeline.php(171): Illuminate\\Session\\Middleware\\StartSession->handle(Object(Illuminate\\Http\\Request), Object(Closure))
#7 /home3/comfoiy7/public_html/vendor/laravel/framework/src/Illuminate/Cookie/Middleware/AddQueuedCookiesToResponse.php(37): Illuminate\\Pipeline\\Pipeline->Illuminate\\Pipeline\\{closure}(Object(Illuminate\\Http\\Request))
#8 /home3/comfoiy7/public_html/vendor/laravel/framework/src/Illuminate/Pipeline/Pipeline.php(171): Illuminate\\Cookie\\Middleware\\AddQueuedCookiesToResponse->handle(Object(Illuminate\\Http\\Request), Object(Closure))
#9 /home3/comfoiy7/public_html/vendor/laravel/framework/src/Illuminate/Cookie/Middleware/EncryptCookies.php(67): Illuminate\\Pipeline\\Pipeline->Illuminate\\Pipeline\\{closure}(Object(Illuminate\\Http\\Request))
#10 /home3/comfoiy7/public_html/vendor/laravel/framework/src/Illuminate/Pipeline/Pipeline.php(171): Illuminate\\Cookie\\Middleware\\EncryptCookies->handle(Object(Illuminate\\Http\\Request), Object(Closure))
#11 /home3/comfoiy7/public_html/vendor/laravel/framework/src/Illuminate/Pipeline/Pipeline.php(105): Illuminate\\Pipeline\\Pipeline->Illuminate\\Pipeline\\{closure}(Object(Illuminate\\Http\\Request))
#12 /home3/comfoiy7/public_html/vendor/laravel/framework/src/Illuminate/Routing/Router.php(683): Illuminate\\Pipeline\\Pipeline->then(Object(Closure))
#13 /home3/comfoiy7/public_html/vendor/laravel/framework/src/Illuminate/Routing/Router.php(658): Illuminate\\Routing\\Router->runRouteWithinStack(Object(Illuminate\\Routing\\Route), Object(Illuminate\\Http\\Request))
#14 /home3/comfoiy7/public_html/vendor/laravel/framework/src/Illuminate/Routing/Router.php(624): Illuminate\\Routing\\Router->runRoute(Object(Illuminate\\Http\\Request), Object(Illuminate\\Routing\\Route))
#15 /home3/comfoiy7/public_html/vendor/laravel/framework/src/Illuminate/Routing/Router.php(613): Illuminate\\Routing\\Router->dispatchToRoute(Object(Illuminate\\Http\\Request))
#16 /home3/comfoiy7/public_html/vendor/laravel/framework/src/Illuminate/Foundation/Http/Kernel.php(170): Illuminate\\Routing\\Router->dispatch(Object(Illuminate\\Http\\Request))
#17 /home3/comfoiy7/public_html/vendor/laravel/framework/src/Illuminate/Pipeline/Pipeline.php(130): Illuminate\\Foundation\\Http\\Kernel->Illuminate\\Foundation\\Http\\{closure}(Object(Illuminate\\Http\\Request))
#18 /home3/comfoiy7/public_html/vendor/laravel/framework/src/Illuminate/Foundation/Http/Middleware/TransformsRequest.php(21): Illuminate\\Pipeline\\Pipeline->Illuminate\\Pipeline\\{closure}(Object(Illuminate\\Http\\Request))
#19 /home3/comfoiy7/public_html/vendor/laravel/framework/src/Illuminate/Pipeline/Pipeline.php(171): Illuminate\\Foundation\\Http\\Middleware\\TransformsRequest->handle(Object(Illuminate\\Http\\Request), Object(Closure))
#20 /home3/comfoiy7/public_html/vendor/laravel/framework/src/Illuminate/Foundation/Http/Middleware/TransformsRequest.php(21): Illuminate\\Pipeline\\Pipeline->Illuminate\\Pipeline\\{closure}(Object(Illuminate\\Http\\Request))
#21 /home3/comfoiy7/public_html/vendor/laravel/framework/src/Illuminate/Pipeline/Pipeline.php(171): Illuminate\\Foundation\\Http\\Middleware\\TransformsRequest->handle(Object(Illuminate\\Http\\Request), Object(Closure))
#22 /home3/comfoiy7/public_html/vendor/laravel/framework/src/Illuminate/Foundation/Http/Middleware/ValidatePostSize.php(27): Illuminate\\Pipeline\\Pipeline->Illuminate\\Pipeline\\{closure}(Object(Illuminate\\Http\\Request))
#23 /home3/comfoiy7/public_html/vendor/laravel/framework/src/Illuminate/Pipeline/Pipeline.php(171): Illuminate\\Foundation\\Http\\Middleware\\ValidatePostSize->handle(Object(Illuminate\\Http\\Request), Object(Closure))
#24 /home3/comfoiy7/public_html/vendor/laravel/framework/src/Illuminate/Foundation/Http/Middleware/CheckForMaintenanceMode.php(63): Illuminate\\Pipeline\\Pipeline->Illuminate\\Pipeline\\{closure}(Object(Illuminate\\Http\\Request))
#25 /home3/comfoiy7/public_html/vendor/laravel/framework/src/Illuminate/Pipeline/Pipeline.php(171): Illuminate\\Foundation\\Http\\Middleware\\CheckForMaintenanceMode->handle(Object(Illuminate\\Http\\Request), Object(Closure))
#26 /home3/comfoiy7/public_html/vendor/fideloper/proxy/src/TrustProxies.php(57): Illuminate\\Pipeline\\Pipeline->Illuminate\\Pipeline\\{closure}(Object(Illuminate\\Http\\Request))
#27 /home3/comfoiy7/public_html/vendor/laravel/framework/src/Illuminate/Pipeline/Pipeline.php(171): Fideloper\\Proxy\\TrustProxies->handle(Object(Illuminate\\Http\\Request), Object(Closure))
#28 /home3/comfoiy7/public_html/vendor/laravel/framework/src/Illuminate/Pipeline/Pipeline.php(105): Illuminate\\Pipeline\\Pipeline->Illuminate\\Pipeline\\{closure}(Object(Illuminate\\Http\\Request))
#29 /home3/comfoiy7/public_html/vendor/laravel/framework/src/Illuminate/Foundation/Http/Kernel.php(145): Illuminate\\Pipeline\\Pipeline->then(Object(Closure))
#30 /home3/comfoiy7/public_html/vendor/laravel/framework/src/Illuminate/Foundation/Http/Kernel.php(110): Illuminate\\Foundation\\Http\\Kernel->sendRequestThroughRouter(Object(Illuminate\\Http\\Request))
#31 /home3/comfoiy7/public_html/public/index.php(55): Illuminate\\Foundation\\Http\\Kernel->handle(Object(Illuminate\\Http\\Request))
#32 {main}
"} 
[2024-08-10 18:35:17] local.ERROR: SQLSTATE[HY000] [1045] Access denied for user 'root'@'localhost' (using password: NO) (SQL: select count(*) as aggregate from `wishlists` where `user_id` = 0) {"exception":"[object] (Illuminate\\Database\\QueryException(code: 1045): SQLSTATE[HY000] [1045] Access denied for user 'root'@'localhost' (using password: NO) (SQL: select count(*) as aggregate from `wishlists` where `user_id` = 0) at /home3/comfoiy7/public_html/vendor/laravel/framework/src/Illuminate/Database/Connection.php:669)
[stacktrace]
#0 /home3/comfoiy7/public_html/vendor/laravel/framework/src/Illuminate/Database/Connection.php(629): Illuminate\\Database\\Connection->runQueryCallback('select count(*)...', Array, Object(Closure))
#1 /home3/comfoiy7/public_html/vendor/laravel/framework/src/Illuminate/Database/Connection.php(338): Illuminate\\Database\\Connection->run('select count(*)...', Array, Object(Closure))
#2 /home3/comfoiy7/public_html/vendor/laravel/framework/src/Illuminate/Database/Query/Builder.php(2159): Illuminate\\Database\\Connection->select('select count(*)...', Array, true)
#3 /home3/comfoiy7/public_html/vendor/laravel/framework/src/Illuminate/Database/Query/Builder.php(2147): Illuminate\\Database\\Query\\Builder->runSelect()
#4 /home3/comfoiy7/public_html/vendor/laravel/framework/src/Illuminate/Database/Query/Builder.php(2619): Illuminate\\Database\\Query\\Builder->Illuminate\\Database\\Query\\{closure}()
#5 /home3/comfoiy7/public_html/vendor/laravel/framework/src/Illuminate/Database/Query/Builder.php(2148): Illuminate\\Database\\Query\\Builder->onceWithColumns(Array, Object(Closure))
#6 /home3/comfoiy7/public_html/vendor/laravel/framework/src/Illuminate/Database/Query/Builder.php(2546): Illuminate\\Database\\Query\\Builder->get(Array)
#7 /home3/comfoiy7/public_html/vendor/laravel/framework/src/Illuminate/Database/Query/Builder.php(2474): Illuminate\\Database\\Query\\Builder->aggregate('count', Array)
#8 /home3/comfoiy7/public_html/vendor/laravel/framework/src/Illuminate/Database/Eloquent/Builder.php(1385): Illuminate\\Database\\Query\\Builder->count()
#9 /home3/comfoiy7/public_html/app/Http/Middleware/CheckUserAuth.php(20): Illuminate\\Database\\Eloquent\\Builder->__call('count', Array)
#10 /home3/comfoiy7/public_html/vendor/laravel/framework/src/Illuminate/Pipeline/Pipeline.php(171): App\\Http\\Middleware\\CheckUserAuth->handle(Object(Illuminate\\Http\\Request), Object(Closure))
#11 /home3/comfoiy7/public_html/vendor/laravel/framework/src/Illuminate/Routing/Middleware/SubstituteBindings.php(41): Illuminate\\Pipeline\\Pipeline->Illuminate\\Pipeline\\{closure}(Object(Illuminate\\Http\\Request))
#12 /home3/comfoiy7/public_html/vendor/laravel/framework/src/Illuminate/Pipeline/Pipeline.php(171): Illuminate\\Routing\\Middleware\\SubstituteBindings->handle(Object(Illuminate\\Http\\Request), Object(Closure))
#13 /home3/comfoiy7/public_html/vendor/laravel/framework/src/Illuminate/Foundation/Http/Middleware/VerifyCsrfToken.php(78): Illuminate\\Pipeline\\Pipeline->Illuminate\\Pipeline\\{closure}(Object(Illuminate\\Http\\Request))
#14 /home3/comfoiy7/public_html/vendor/laravel/framework/src/Illuminate/Pipeline/Pipeline.php(171): Illuminate\\Foundation\\Http\\Middleware\\VerifyCsrfToken->handle(Object(Illuminate\\Http\\Request), Object(Closure))
#15 /home3/comfoiy7/public_html/vendor/laravel/framework/src/Illuminate/View/Middleware/ShareErrorsFromSession.php(49): Illuminate\\Pipeline\\Pipeline->Illuminate\\Pipeline\\{closure}(Object(Illuminate\\Http\\Request))
#16 /home3/comfoiy7/public_html/vendor/laravel/framework/src/Illuminate/Pipeline/Pipeline.php(171): Illuminate\\View\\Middleware\\ShareErrorsFromSession->handle(Object(Illuminate\\Http\\Request), Object(Closure))
#17 /home3/comfoiy7/public_html/vendor/laravel/framework/src/Illuminate/Session/Middleware/StartSession.php(56): Illuminate\\Pipeline\\Pipeline->Illuminate\\Pipeline\\{closure}(Object(Illuminate\\Http\\Request))
#18 /home3/comfoiy7/public_html/vendor/laravel/framework/src/Illuminate/Pipeline/Pipeline.php(171): Illuminate\\Session\\Middleware\\StartSession->handle(Object(Illuminate\\Http\\Request), Object(Closure))
#19 /home3/comfoiy7/public_html/vendor/laravel/framework/src/Illuminate/Cookie/Middleware/AddQueuedCookiesToResponse.php(37): Illuminate\\Pipeline\\Pipeline->Illuminate\\Pipeline\\{closure}(Object(Illuminate\\Http\\Request))
#20 /home3/comfoiy7/public_html/vendor/laravel/framework/src/Illuminate/Pipeline/Pipeline.php(171): Illuminate\\Cookie\\Middleware\\AddQueuedCookiesToResponse->handle(Object(Illuminate\\Http\\Request), Object(Closure))
#21 /home3/comfoiy7/public_html/vendor/laravel/framework/src/Illuminate/Cookie/Middleware/EncryptCookies.php(67): Illuminate\\Pipeline\\Pipeline->Illuminate\\Pipeline\\{closure}(Object(Illuminate\\Http\\Request))
#22 /home3/comfoiy7/public_html/vendor/laravel/framework/src/Illuminate/Pipeline/Pipeline.php(171): Illuminate\\Cookie\\Middleware\\EncryptCookies->handle(Object(Illuminate\\Http\\Request), Object(Closure))
#23 /home3/comfoiy7/public_html/vendor/laravel/framework/src/Illuminate/Pipeline/Pipeline.php(105): Illuminate\\Pipeline\\Pipeline->Illuminate\\Pipeline\\{closure}(Object(Illuminate\\Http\\Request))
#24 /home3/comfoiy7/public_html/vendor/laravel/framework/src/Illuminate/Routing/Router.php(683): Illuminate\\Pipeline\\Pipeline->then(Object(Closure))
#25 /home3/comfoiy7/public_html/vendor/laravel/framework/src/Illuminate/Routing/Router.php(658): Illuminate\\Routing\\Router->runRouteWithinStack(Object(Illuminate\\Routing\\Route), Object(Illuminate\\Http\\Request))
#26 /home3/comfoiy7/public_html/vendor/laravel/framework/src/Illuminate/Routing/Router.php(624): Illuminate\\Routing\\Router->runRoute(Object(Illuminate\\Http\\Request), Object(Illuminate\\Routing\\Route))
#27 /home3/comfoiy7/public_html/vendor/laravel/framework/src/Illuminate/Routing/Router.php(613): Illuminate\\Routing\\Router->dispatchToRoute(Object(Illuminate\\Http\\Request))
#28 /home3/comfoiy7/public_html/vendor/laravel/framework/src/Illuminate/Foundation/Http/Kernel.php(170): Illuminate\\Routing\\Router->dispatch(Object(Illuminate\\Http\\Request))
#29 /home3/comfoiy7/public_html/vendor/laravel/framework/src/Illuminate/Pipeline/Pipeline.php(130): Illuminate\\Foundation\\Http\\Kernel->Illuminate\\Foundation\\Http\\{closure}(Object(Illuminate\\Http\\Request))
#30 /home3/comfoiy7/public_html/vendor/laravel/framework/src/Illuminate/Foundation/Http/Middleware/TransformsRequest.php(21): Illuminate\\Pipeline\\Pipeline->Illuminate\\Pipeline\\{closure}(Object(Illuminate\\Http\\Request))
#31 /home3/comfoiy7/public_html/vendor/laravel/framework/src/Illuminate/Pipeline/Pipeline.php(171): Illuminate\\Foundation\\Http\\Middleware\\TransformsRequest->handle(Object(Illuminate\\Http\\Request), Object(Closure))
#32 /home3/comfoiy7/public_html/vendor/laravel/framework/src/Illuminate/Foundation/Http/Middleware/TransformsRequest.php(21): Illuminate\\Pipeline\\Pipeline->Illuminate\\Pipeline\\{closure}(Object(Illuminate\\Http\\Request))
#33 /home3/comfoiy7/public_html/vendor/laravel/framework/src/Illuminate/Pipeline/Pipeline.php(171): Illuminate\\Foundation\\Http\\Middleware\\TransformsRequest->handle(Object(Illuminate\\Http\\Request), Object(Closure))
#34 /home3/comfoiy7/public_html/vendor/laravel/framework/src/Illuminate/Foundation/Http/Middleware/ValidatePostSize.php(27): Illuminate\\Pipeline\\Pipeline->Illuminate\\Pipeline\\{closure}(Object(Illuminate\\Http\\Request))
#35 /home3/comfoiy7/public_html/vendor/laravel/framework/src/Illuminate/Pipeline/Pipeline.php(171): Illuminate\\Foundation\\Http\\Middleware\\ValidatePostSize->handle(Object(Illuminate\\Http\\Request), Object(Closure))
#36 /home3/comfoiy7/public_html/vendor/laravel/framework/src/Illuminate/Foundation/Http/Middleware/CheckForMaintenanceMode.php(63): Illuminate\\Pipeline\\Pipeline->Illuminate\\Pipeline\\{closure}(Object(Illuminate\\Http\\Request))
#37 /home3/comfoiy7/public_html/vendor/laravel/framework/src/Illuminate/Pipeline/Pipeline.php(171): Illuminate\\Foundation\\Http\\Middleware\\CheckForMaintenanceMode->handle(Object(Illuminate\\Http\\Request), Object(Closure))
#38 /home3/comfoiy7/public_html/vendor/fideloper/proxy/src/TrustProxies.php(57): Illuminate\\Pipeline\\Pipeline->Illuminate\\Pipeline\\{closure}(Object(Illuminate\\Http\\Request))
#39 /home3/comfoiy7/public_html/vendor/laravel/framework/src/Illuminate/Pipeline/Pipeline.php(171): Fideloper\\Proxy\\TrustProxies->handle(Object(Illuminate\\Http\\Request), Object(Closure))
#40 /home3/comfoiy7/public_html/vendor/laravel/framework/src/Illuminate/Pipeline/Pipeline.php(105): Illuminate\\Pipeline\\Pipeline->Illuminate\\Pipeline\\{closure}(Object(Illuminate\\Http\\Request))
#41 /home3/comfoiy7/public_html/vendor/laravel/framework/src/Illuminate/Foundation/Http/Kernel.php(145): Illuminate\\Pipeline\\Pipeline->then(Object(Closure))
#42 /home3/comfoiy7/public_html/vendor/laravel/framework/src/Illuminate/Foundation/Http/Kernel.php(110): Illuminate\\Foundation\\Http\\Kernel->sendRequestThroughRouter(Object(Illuminate\\Http\\Request))
#43 /home3/comfoiy7/public_html/public/index.php(55): Illuminate\\Foundation\\Http\\Kernel->handle(Object(Illuminate\\Http\\Request))
#44 {main}

[previous exception] [object] (Doctrine\\DBAL\\Driver\\PDO\\Exception(code: 1045): SQLSTATE[HY000] [1045] Access denied for user 'root'@'localhost' (using password: NO) at /home3/comfoiy7/public_html/vendor/doctrine/dbal/lib/Doctrine/DBAL/Driver/PDO/Exception.php:18)
[stacktrace]
#0 /home3/comfoiy7/public_html/vendor/doctrine/dbal/lib/Doctrine/DBAL/Driver/PDOConnection.php(44): Doctrine\\DBAL\\Driver\\PDO\\Exception::new(Object(PDOException))
#1 /home3/comfoiy7/public_html/vendor/laravel/framework/src/Illuminate/Database/Connectors/Connector.php(67): Doctrine\\DBAL\\Driver\\PDOConnection->__construct('mysql:host=127....', 'root', '', Array)
#2 /home3/comfoiy7/public_html/vendor/laravel/framework/src/Illuminate/Database/Connectors/Connector.php(46): Illuminate\\Database\\Connectors\\Connector->createPdoConnection('mysql:host=127....', 'root', '', Array)
#3 /home3/comfoiy7/public_html/vendor/laravel/framework/src/Illuminate/Database/Connectors/MySqlConnector.php(24): Illuminate\\Database\\Connectors\\Connector->createConnection('mysql:host=127....', Array, Array)
#4 /home3/comfoiy7/public_html/vendor/laravel/framework/src/Illuminate/Database/Connectors/ConnectionFactory.php(182): Illuminate\\Database\\Connectors\\MySqlConnector->connect(Array)
#5 [internal function]: Illuminate\\Database\\Connectors\\ConnectionFactory->Illuminate\\Database\\Connectors\\{closure}()
#6 /home3/comfoiy7/public_html/vendor/laravel/framework/src/Illuminate/Database/Connection.php(924): call_user_func(Object(Closure))
#7 /home3/comfoiy7/public_html/vendor/laravel/framework/src/Illuminate/Database/Connection.php(959): Illuminate\\Database\\Connection->getPdo()
#8 /home3/comfoiy7/public_html/vendor/laravel/framework/src/Illuminate/Database/Connection.php(404): Illuminate\\Database\\Connection->getReadPdo()
#9 /home3/comfoiy7/public_html/vendor/laravel/framework/src/Illuminate/Database/Connection.php(330): Illuminate\\Database\\Connection->getPdoForSelect(true)
#10 /home3/comfoiy7/public_html/vendor/laravel/framework/src/Illuminate/Database/Connection.php(662): Illuminate\\Database\\Connection->Illuminate\\Database\\{closure}('select count(*)...', Array)
#11 /home3/comfoiy7/public_html/vendor/laravel/framework/src/Illuminate/Database/Connection.php(629): Illuminate\\Database\\Connection->runQueryCallback('select count(*)...', Array, Object(Closure))
#12 /home3/comfoiy7/public_html/vendor/laravel/framework/src/Illuminate/Database/Connection.php(338): Illuminate\\Database\\Connection->run('select count(*)...', Array, Object(Closure))
#13 /home3/comfoiy7/public_html/vendor/laravel/framework/src/Illuminate/Database/Query/Builder.php(2159): Illuminate\\Database\\Connection->select('select count(*)...', Array, true)
#14 /home3/comfoiy7/public_html/vendor/laravel/framework/src/Illuminate/Database/Query/Builder.php(2147): Illuminate\\Database\\Query\\Builder->runSelect()
#15 /home3/comfoiy7/public_html/vendor/laravel/framework/src/Illuminate/Database/Query/Builder.php(2619): Illuminate\\Database\\Query\\Builder->Illuminate\\Database\\Query\\{closure}()
#16 /home3/comfoiy7/public_html/vendor/laravel/framework/src/Illuminate/Database/Query/Builder.php(2148): Illuminate\\Database\\Query\\Builder->onceWithColumns(Array, Object(Closure))
#17 /home3/comfoiy7/public_html/vendor/laravel/framework/src/Illuminate/Database/Query/Builder.php(2546): Illuminate\\Database\\Query\\Builder->get(Array)
#18 /home3/comfoiy7/public_html/vendor/laravel/framework/src/Illuminate/Database/Query/Builder.php(2474): Illuminate\\Database\\Query\\Builder->aggregate('count', Array)
#19 /home3/comfoiy7/public_html/vendor/laravel/framework/src/Illuminate/Database/Eloquent/Builder.php(1385): Illuminate\\Database\\Query\\Builder->count()
#20 /home3/comfoiy7/public_html/app/Http/Middleware/CheckUserAuth.php(20): Illuminate\\Database\\Eloquent\\Builder->__call('count', Array)
#21 /home3/comfoiy7/public_html/vendor/laravel/framework/src/Illuminate/Pipeline/Pipeline.php(171): App\\Http\\Middleware\\CheckUserAuth->handle(Object(Illuminate\\Http\\Request), Object(Closure))
#22 /home3/comfoiy7/public_html/vendor/laravel/framework/src/Illuminate/Routing/Middleware/SubstituteBindings.php(41): Illuminate\\Pipeline\\Pipeline->Illuminate\\Pipeline\\{closure}(Object(Illuminate\\Http\\Request))
#23 /home3/comfoiy7/public_html/vendor/laravel/framework/src/Illuminate/Pipeline/Pipeline.php(171): Illuminate\\Routing\\Middleware\\SubstituteBindings->handle(Object(Illuminate\\Http\\Request), Object(Closure))
#24 /home3/comfoiy7/public_html/vendor/laravel/framework/src/Illuminate/Foundation/Http/Middleware/VerifyCsrfToken.php(78): Illuminate\\Pipeline\\Pipeline->Illuminate\\Pipeline\\{closure}(Object(Illuminate\\Http\\Request))
#25 /home3/comfoiy7/public_html/vendor/laravel/framework/src/Illuminate/Pipeline/Pipeline.php(171): Illuminate\\Foundation\\Http\\Middleware\\VerifyCsrfToken->handle(Object(Illuminate\\Http\\Request), Object(Closure))
#26 /home3/comfoiy7/public_html/vendor/laravel/framework/src/Illuminate/View/Middleware/ShareErrorsFromSession.php(49): Illuminate\\Pipeline\\Pipeline->Illuminate\\Pipeline\\{closure}(Object(Illuminate\\Http\\Request))
#27 /home3/comfoiy7/public_html/vendor/laravel/framework/src/Illuminate/Pipeline/Pipeline.php(171): Illuminate\\View\\Middleware\\ShareErrorsFromSession->handle(Object(Illuminate\\Http\\Request), Object(Closure))
#28 /home3/comfoiy7/public_html/vendor/laravel/framework/src/Illuminate/Session/Middleware/StartSession.php(56): Illuminate\\Pipeline\\Pipeline->Illuminate\\Pipeline\\{closure}(Object(Illuminate\\Http\\Request))
#29 /home3/comfoiy7/public_html/vendor/laravel/framework/src/Illuminate/Pipeline/Pipeline.php(171): Illuminate\\Session\\Middleware\\StartSession->handle(Object(Illuminate\\Http\\Request), Object(Closure))
#30 /home3/comfoiy7/public_html/vendor/laravel/framework/src/Illuminate/Cookie/Middleware/AddQueuedCookiesToResponse.php(37): Illuminate\\Pipeline\\Pipeline->Illuminate\\Pipeline\\{closure}(Object(Illuminate\\Http\\Request))
#31 /home3/comfoiy7/public_html/vendor/laravel/framework/src/Illuminate/Pipeline/Pipeline.php(171): Illuminate\\Cookie\\Middleware\\AddQueuedCookiesToResponse->handle(Object(Illuminate\\Http\\Request), Object(Closure))
#32 /home3/comfoiy7/public_html/vendor/laravel/framework/src/Illuminate/Cookie/Middleware/EncryptCookies.php(67): Illuminate\\Pipeline\\Pipeline->Illuminate\\Pipeline\\{closure}(Object(Illuminate\\Http\\Request))
#33 /home3/comfoiy7/public_html/vendor/laravel/framework/src/Illuminate/Pipeline/Pipeline.php(171): Illuminate\\Cookie\\Middleware\\EncryptCookies->handle(Object(Illuminate\\Http\\Request), Object(Closure))
#34 /home3/comfoiy7/public_html/vendor/laravel/framework/src/Illuminate/Pipeline/Pipeline.php(105): Illuminate\\Pipeline\\Pipeline->Illuminate\\Pipeline\\{closure}(Object(Illuminate\\Http\\Request))
#35 /home3/comfoiy7/public_html/vendor/laravel/framework/src/Illuminate/Routing/Router.php(683): Illuminate\\Pipeline\\Pipeline->then(Object(Closure))
#36 /home3/comfoiy7/public_html/vendor/laravel/framework/src/Illuminate/Routing/Router.php(658): Illuminate\\Routing\\Router->runRouteWithinStack(Object(Illuminate\\Routing\\Route), Object(Illuminate\\Http\\Request))
#37 /home3/comfoiy7/public_html/vendor/laravel/framework/src/Illuminate/Routing/Router.php(624): Illuminate\\Routing\\Router->runRoute(Object(Illuminate\\Http\\Request), Object(Illuminate\\Routing\\Route))
#38 /home3/comfoiy7/public_html/vendor/laravel/framework/src/Illuminate/Routing/Router.php(613): Illuminate\\Routing\\Router->dispatchToRoute(Object(Illuminate\\Http\\Request))
#39 /home3/comfoiy7/public_html/vendor/laravel/framework/src/Illuminate/Foundation/Http/Kernel.php(170): Illuminate\\Routing\\Router->dispatch(Object(Illuminate\\Http\\Request))
#40 /home3/comfoiy7/public_html/vendor/laravel/framework/src/Illuminate/Pipeline/Pipeline.php(130): Illuminate\\Foundation\\Http\\Kernel->Illuminate\\Foundation\\Http\\{closure}(Object(Illuminate\\Http\\Request))
#41 /home3/comfoiy7/public_html/vendor/laravel/framework/src/Illuminate/Foundation/Http/Middleware/TransformsRequest.php(21): Illuminate\\Pipeline\\Pipeline->Illuminate\\Pipeline\\{closure}(Object(Illuminate\\Http\\Request))
#42 /home3/comfoiy7/public_html/vendor/laravel/framework/src/Illuminate/Pipeline/Pipeline.php(171): Illuminate\\Foundation\\Http\\Middleware\\TransformsRequest->handle(Object(Illuminate\\Http\\Request), Object(Closure))
#43 /home3/comfoiy7/public_html/vendor/laravel/framework/src/Illuminate/Foundation/Http/Middleware/TransformsRequest.php(21): Illuminate\\Pipeline\\Pipeline->Illuminate\\Pipeline\\{closure}(Object(Illuminate\\Http\\Request))
#44 /home3/comfoiy7/public_html/vendor/laravel/framework/src/Illuminate/Pipeline/Pipeline.php(171): Illuminate\\Foundation\\Http\\Middleware\\TransformsRequest->handle(Object(Illuminate\\Http\\Request), Object(Closure))
#45 /home3/comfoiy7/public_html/vendor/laravel/framework/src/Illuminate/Foundation/Http/Middleware/ValidatePostSize.php(27): Illuminate\\Pipeline\\Pipeline->Illuminate\\Pipeline\\{closure}(Object(Illuminate\\Http\\Request))
#46 /home3/comfoiy7/public_html/vendor/laravel/framework/src/Illuminate/Pipeline/Pipeline.php(171): Illuminate\\Foundation\\Http\\Middleware\\ValidatePostSize->handle(Object(Illuminate\\Http\\Request), Object(Closure))
#47 /home3/comfoiy7/public_html/vendor/laravel/framework/src/Illuminate/Foundation/Http/Middleware/CheckForMaintenanceMode.php(63): Illuminate\\Pipeline\\Pipeline->Illuminate\\Pipeline\\{closure}(Object(Illuminate\\Http\\Request))
#48 /home3/comfoiy7/public_html/vendor/laravel/framework/src/Illuminate/Pipeline/Pipeline.php(171): Illuminate\\Foundation\\Http\\Middleware\\CheckForMaintenanceMode->handle(Object(Illuminate\\Http\\Request), Object(Closure))
#49 /home3/comfoiy7/public_html/vendor/fideloper/proxy/src/TrustProxies.php(57): Illuminate\\Pipeline\\Pipeline->Illuminate\\Pipeline\\{closure}(Object(Illuminate\\Http\\Request))
#50 /home3/comfoiy7/public_html/vendor/laravel/framework/src/Illuminate/Pipeline/Pipeline.php(171): Fideloper\\Proxy\\TrustProxies->handle(Object(Illuminate\\Http\\Request), Object(Closure))
#51 /home3/comfoiy7/public_html/vendor/laravel/framework/src/Illuminate/Pipeline/Pipeline.php(105): Illuminate\\Pipeline\\Pipeline->Illuminate\\Pipeline\\{closure}(Object(Illuminate\\Http\\Request))
#52 /home3/comfoiy7/public_html/vendor/laravel/framework/src/Illuminate/Foundation/Http/Kernel.php(145): Illuminate\\Pipeline\\Pipeline->then(Object(Closure))
#53 /home3/comfoiy7/public_html/vendor/laravel/framework/src/Illuminate/Foundation/Http/Kernel.php(110): Illuminate\\Foundation\\Http\\Kernel->sendRequestThroughRouter(Object(Illuminate\\Http\\Request))
#54 /home3/comfoiy7/public_html/public/index.php(55): Illuminate\\Foundation\\Http\\Kernel->handle(Object(Illuminate\\Http\\Request))
#55 {main}

[previous exception] [object] (PDOException(code: 1045): SQLSTATE[HY000] [1045] Access denied for user 'root'@'localhost' (using password: NO) at /home3/comfoiy7/public_html/vendor/doctrine/dbal/lib/Doctrine/DBAL/Driver/PDOConnection.php:40)
[stacktrace]
#0 /home3/comfoiy7/public_html/vendor/doctrine/dbal/lib/Doctrine/DBAL/Driver/PDOConnection.php(40): PDO->__construct('mysql:host=127....', 'root', '', Array)
#1 /home3/comfoiy7/public_html/vendor/laravel/framework/src/Illuminate/Database/Connectors/Connector.php(67): Doctrine\\DBAL\\Driver\\PDOConnection->__construct('mysql:host=127....', 'root', '', Array)
#2 /home3/comfoiy7/public_html/vendor/laravel/framework/src/Illuminate/Database/Connectors/Connector.php(46): Illuminate\\Database\\Connectors\\Connector->createPdoConnection('mysql:host=127....', 'root', '', Array)
#3 /home3/comfoiy7/public_html/vendor/laravel/framework/src/Illuminate/Database/Connectors/MySqlConnector.php(24): Illuminate\\Database\\Connectors\\Connector->createConnection('mysql:host=127....', Array, Array)
#4 /home3/comfoiy7/public_html/vendor/laravel/framework/src/Illuminate/Database/Connectors/ConnectionFactory.php(182): Illuminate\\Database\\Connectors\\MySqlConnector->connect(Array)
#5 [internal function]: Illuminate\\Database\\Connectors\\ConnectionFactory->Illuminate\\Database\\Connectors\\{closure}()
#6 /home3/comfoiy7/public_html/vendor/laravel/framework/src/Illuminate/Database/Connection.php(924): call_user_func(Object(Closure))
#7 /home3/comfoiy7/public_html/vendor/laravel/framework/src/Illuminate/Database/Connection.php(959): Illuminate\\Database\\Connection->getPdo()
#8 /home3/comfoiy7/public_html/vendor/laravel/framework/src/Illuminate/Database/Connection.php(404): Illuminate\\Database\\Connection->getReadPdo()
#9 /home3/comfoiy7/public_html/vendor/laravel/framework/src/Illuminate/Database/Connection.php(330): Illuminate\\Database\\Connection->getPdoForSelect(true)
#10 /home3/comfoiy7/public_html/vendor/laravel/framework/src/Illuminate/Database/Connection.php(662): Illuminate\\Database\\Connection->Illuminate\\Database\\{closure}('select count(*)...', Array)
#11 /home3/comfoiy7/public_html/vendor/laravel/framework/src/Illuminate/Database/Connection.php(629): Illuminate\\Database\\Connection->runQueryCallback('select count(*)...', Array, Object(Closure))
#12 /home3/comfoiy7/public_html/vendor/laravel/framework/src/Illuminate/Database/Connection.php(338): Illuminate\\Database\\Connection->run('select count(*)...', Array, Object(Closure))
#13 /home3/comfoiy7/public_html/vendor/laravel/framework/src/Illuminate/Database/Query/Builder.php(2159): Illuminate\\Database\\Connection->select('select count(*)...', Array, true)
#14 /home3/comfoiy7/public_html/vendor/laravel/framework/src/Illuminate/Database/Query/Builder.php(2147): Illuminate\\Database\\Query\\Builder->runSelect()
#15 /home3/comfoiy7/public_html/vendor/laravel/framework/src/Illuminate/Database/Query/Builder.php(2619): Illuminate\\Database\\Query\\Builder->Illuminate\\Database\\Query\\{closure}()
#16 /home3/comfoiy7/public_html/vendor/laravel/framework/src/Illuminate/Database/Query/Builder.php(2148): Illuminate\\Database\\Query\\Builder->onceWithColumns(Array, Object(Closure))
#17 /home3/comfoiy7/public_html/vendor/laravel/framework/src/Illuminate/Database/Query/Builder.php(2546): Illuminate\\Database\\Query\\Builder->get(Array)
#18 /home3/comfoiy7/public_html/vendor/laravel/framework/src/Illuminate/Database/Query/Builder.php(2474): Illuminate\\Database\\Query\\Builder->aggregate('count', Array)
#19 /home3/comfoiy7/public_html/vendor/laravel/framework/src/Illuminate/Database/Eloquent/Builder.php(1385): Illuminate\\Database\\Query\\Builder->count()
#20 /home3/comfoiy7/public_html/app/Http/Middleware/CheckUserAuth.php(20): Illuminate\\Database\\Eloquent\\Builder->__call('count', Array)
#21 /home3/comfoiy7/public_html/vendor/laravel/framework/src/Illuminate/Pipeline/Pipeline.php(171): App\\Http\\Middleware\\CheckUserAuth->handle(Object(Illuminate\\Http\\Request), Object(Closure))
#22 /home3/comfoiy7/public_html/vendor/laravel/framework/src/Illuminate/Routing/Middleware/SubstituteBindings.php(41): Illuminate\\Pipeline\\Pipeline->Illuminate\\Pipeline\\{closure}(Object(Illuminate\\Http\\Request))
#23 /home3/comfoiy7/public_html/vendor/laravel/framework/src/Illuminate/Pipeline/Pipeline.php(171): Illuminate\\Routing\\Middleware\\SubstituteBindings->handle(Object(Illuminate\\Http\\Request), Object(Closure))
#24 /home3/comfoiy7/public_html/vendor/laravel/framework/src/Illuminate/Foundation/Http/Middleware/VerifyCsrfToken.php(78): Illuminate\\Pipeline\\Pipeline->Illuminate\\Pipeline\\{closure}(Object(Illuminate\\Http\\Request))
#25 /home3/comfoiy7/public_html/vendor/laravel/framework/src/Illuminate/Pipeline/Pipeline.php(171): Illuminate\\Foundation\\Http\\Middleware\\VerifyCsrfToken->handle(Object(Illuminate\\Http\\Request), Object(Closure))
#26 /home3/comfoiy7/public_html/vendor/laravel/framework/src/Illuminate/View/Middleware/ShareErrorsFromSession.php(49): Illuminate\\Pipeline\\Pipeline->Illuminate\\Pipeline\\{closure}(Object(Illuminate\\Http\\Request))
#27 /home3/comfoiy7/public_html/vendor/laravel/framework/src/Illuminate/Pipeline/Pipeline.php(171): Illuminate\\View\\Middleware\\ShareErrorsFromSession->handle(Object(Illuminate\\Http\\Request), Object(Closure))
#28 /home3/comfoiy7/public_html/vendor/laravel/framework/src/Illuminate/Session/Middleware/StartSession.php(56): Illuminate\\Pipeline\\Pipeline->Illuminate\\Pipeline\\{closure}(Object(Illuminate\\Http\\Request))
#29 /home3/comfoiy7/public_html/vendor/laravel/framework/src/Illuminate/Pipeline/Pipeline.php(171): Illuminate\\Session\\Middleware\\StartSession->handle(Object(Illuminate\\Http\\Request), Object(Closure))
#30 /home3/comfoiy7/public_html/vendor/laravel/framework/src/Illuminate/Cookie/Middleware/AddQueuedCookiesToResponse.php(37): Illuminate\\Pipeline\\Pipeline->Illuminate\\Pipeline\\{closure}(Object(Illuminate\\Http\\Request))
#31 /home3/comfoiy7/public_html/vendor/laravel/framework/src/Illuminate/Pipeline/Pipeline.php(171): Illuminate\\Cookie\\Middleware\\AddQueuedCookiesToResponse->handle(Object(Illuminate\\Http\\Request), Object(Closure))
#32 /home3/comfoiy7/public_html/vendor/laravel/framework/src/Illuminate/Cookie/Middleware/EncryptCookies.php(67): Illuminate\\Pipeline\\Pipeline->Illuminate\\Pipeline\\{closure}(Object(Illuminate\\Http\\Request))
#33 /home3/comfoiy7/public_html/vendor/laravel/framework/src/Illuminate/Pipeline/Pipeline.php(171): Illuminate\\Cookie\\Middleware\\EncryptCookies->handle(Object(Illuminate\\Http\\Request), Object(Closure))
#34 /home3/comfoiy7/public_html/vendor/laravel/framework/src/Illuminate/Pipeline/Pipeline.php(105): Illuminate\\Pipeline\\Pipeline->Illuminate\\Pipeline\\{closure}(Object(Illuminate\\Http\\Request))
#35 /home3/comfoiy7/public_html/vendor/laravel/framework/src/Illuminate/Routing/Router.php(683): Illuminate\\Pipeline\\Pipeline->then(Object(Closure))
#36 /home3/comfoiy7/public_html/vendor/laravel/framework/src/Illuminate/Routing/Router.php(658): Illuminate\\Routing\\Router->runRouteWithinStack(Object(Illuminate\\Routing\\Route), Object(Illuminate\\Http\\Request))
#37 /home3/comfoiy7/public_html/vendor/laravel/framework/src/Illuminate/Routing/Router.php(624): Illuminate\\Routing\\Router->runRoute(Object(Illuminate\\Http\\Request), Object(Illuminate\\Routing\\Route))
#38 /home3/comfoiy7/public_html/vendor/laravel/framework/src/Illuminate/Routing/Router.php(613): Illuminate\\Routing\\Router->dispatchToRoute(Object(Illuminate\\Http\\Request))
#39 /home3/comfoiy7/public_html/vendor/laravel/framework/src/Illuminate/Foundation/Http/Kernel.php(170): Illuminate\\Routing\\Router->dispatch(Object(Illuminate\\Http\\Request))
#40 /home3/comfoiy7/public_html/vendor/laravel/framework/src/Illuminate/Pipeline/Pipeline.php(130): Illuminate\\Foundation\\Http\\Kernel->Illuminate\\Foundation\\Http\\{closure}(Object(Illuminate\\Http\\Request))
#41 /home3/comfoiy7/public_html/vendor/laravel/framework/src/Illuminate/Foundation/Http/Middleware/TransformsRequest.php(21): Illuminate\\Pipeline\\Pipeline->Illuminate\\Pipeline\\{closure}(Object(Illuminate\\Http\\Request))
#42 /home3/comfoiy7/public_html/vendor/laravel/framework/src/Illuminate/Pipeline/Pipeline.php(171): Illuminate\\Foundation\\Http\\Middleware\\TransformsRequest->handle(Object(Illuminate\\Http\\Request), Object(Closure))
#43 /home3/comfoiy7/public_html/vendor/laravel/framework/src/Illuminate/Foundation/Http/Middleware/TransformsRequest.php(21): Illuminate\\Pipeline\\Pipeline->Illuminate\\Pipeline\\{closure}(Object(Illuminate\\Http\\Request))
#44 /home3/comfoiy7/public_html/vendor/laravel/framework/src/Illuminate/Pipeline/Pipeline.php(171): Illuminate\\Foundation\\Http\\Middleware\\TransformsRequest->handle(Object(Illuminate\\Http\\Request), Object(Closure))
#45 /home3/comfoiy7/public_html/vendor/laravel/framework/src/Illuminate/Foundation/Http/Middleware/ValidatePostSize.php(27): Illuminate\\Pipeline\\Pipeline->Illuminate\\Pipeline\\{closure}(Object(Illuminate\\Http\\Request))
#46 /home3/comfoiy7/public_html/vendor/laravel/framework/src/Illuminate/Pipeline/Pipeline.php(171): Illuminate\\Foundation\\Http\\Middleware\\ValidatePostSize->handle(Object(Illuminate\\Http\\Request), Object(Closure))
#47 /home3/comfoiy7/public_html/vendor/laravel/framework/src/Illuminate/Foundation/Http/Middleware/CheckForMaintenanceMode.php(63): Illuminate\\Pipeline\\Pipeline->Illuminate\\Pipeline\\{closure}(Object(Illuminate\\Http\\Request))
#48 /home3/comfoiy7/public_html/vendor/laravel/framework/src/Illuminate/Pipeline/Pipeline.php(171): Illuminate\\Foundation\\Http\\Middleware\\CheckForMaintenanceMode->handle(Object(Illuminate\\Http\\Request), Object(Closure))
#49 /home3/comfoiy7/public_html/vendor/fideloper/proxy/src/TrustProxies.php(57): Illuminate\\Pipeline\\Pipeline->Illuminate\\Pipeline\\{closure}(Object(Illuminate\\Http\\Request))
#50 /home3/comfoiy7/public_html/vendor/laravel/framework/src/Illuminate/Pipeline/Pipeline.php(171): Fideloper\\Proxy\\TrustProxies->handle(Object(Illuminate\\Http\\Request), Object(Closure))
#51 /home3/comfoiy7/public_html/vendor/laravel/framework/src/Illuminate/Pipeline/Pipeline.php(105): Illuminate\\Pipeline\\Pipeline->Illuminate\\Pipeline\\{closure}(Object(Illuminate\\Http\\Request))
#52 /home3/comfoiy7/public_html/vendor/laravel/framework/src/Illuminate/Foundation/Http/Kernel.php(145): Illuminate\\Pipeline\\Pipeline->then(Object(Closure))
#53 /home3/comfoiy7/public_html/vendor/laravel/framework/src/Illuminate/Foundation/Http/Kernel.php(110): Illuminate\\Foundation\\Http\\Kernel->sendRequestThroughRouter(Object(Illuminate\\Http\\Request))
#54 /home3/comfoiy7/public_html/public/index.php(55): Illuminate\\Foundation\\Http\\Kernel->handle(Object(Illuminate\\Http\\Request))
#55 {main}
"} 
[2024-08-10 18:35:17] local.ERROR: file_put_contents(C:\xampp7.4\htdocs\vardha_shoes\storage\framework/sessions/sgUZUZ4VZZM1zJ922lMmqBO0rueZOZIU4x3BDznF): failed to open stream: No such file or directory {"exception":"[object] (ErrorException(code: 0): file_put_contents(C:\\xampp7.4\\htdocs\\vardha_shoes\\storage\\framework/sessions/sgUZUZ4VZZM1zJ922lMmqBO0rueZOZIU4x3BDznF): failed to open stream: No such file or directory at /home3/comfoiy7/public_html/vendor/laravel/framework/src/Illuminate/Filesystem/Filesystem.php:133)
[stacktrace]
#0 [internal function]: Illuminate\\Foundation\\Bootstrap\\HandleExceptions->handleError(2, 'file_put_conten...', '/home3/comfoiy7...', 133, Array)
#1 /home3/comfoiy7/public_html/vendor/laravel/framework/src/Illuminate/Filesystem/Filesystem.php(133): file_put_contents('C:\\\\xampp7.4\\\\htd...', 'a:3:{s:6:\"_toke...', 2)
#2 /home3/comfoiy7/public_html/vendor/laravel/framework/src/Illuminate/Session/FileSessionHandler.php(83): Illuminate\\Filesystem\\Filesystem->put('C:\\\\xampp7.4\\\\htd...', 'a:3:{s:6:\"_toke...', true)
#3 /home3/comfoiy7/public_html/vendor/laravel/framework/src/Illuminate/Session/Store.php(129): Illuminate\\Session\\FileSessionHandler->write('sgUZUZ4VZZM1zJ9...', 'a:3:{s:6:\"_toke...')
#4 /home3/comfoiy7/public_html/vendor/laravel/framework/src/Illuminate/Session/Middleware/StartSession.php(170): Illuminate\\Session\\Store->save()
#5 /home3/comfoiy7/public_html/vendor/laravel/framework/src/Illuminate/Session/Middleware/StartSession.php(65): Illuminate\\Session\\Middleware\\StartSession->saveSession(Object(Illuminate\\Http\\Request))
#6 /home3/comfoiy7/public_html/vendor/laravel/framework/src/Illuminate/Pipeline/Pipeline.php(171): Illuminate\\Session\\Middleware\\StartSession->handle(Object(Illuminate\\Http\\Request), Object(Closure))
#7 /home3/comfoiy7/public_html/vendor/laravel/framework/src/Illuminate/Cookie/Middleware/AddQueuedCookiesToResponse.php(37): Illuminate\\Pipeline\\Pipeline->Illuminate\\Pipeline\\{closure}(Object(Illuminate\\Http\\Request))
#8 /home3/comfoiy7/public_html/vendor/laravel/framework/src/Illuminate/Pipeline/Pipeline.php(171): Illuminate\\Cookie\\Middleware\\AddQueuedCookiesToResponse->handle(Object(Illuminate\\Http\\Request), Object(Closure))
#9 /home3/comfoiy7/public_html/vendor/laravel/framework/src/Illuminate/Cookie/Middleware/EncryptCookies.php(67): Illuminate\\Pipeline\\Pipeline->Illuminate\\Pipeline\\{closure}(Object(Illuminate\\Http\\Request))
#10 /home3/comfoiy7/public_html/vendor/laravel/framework/src/Illuminate/Pipeline/Pipeline.php(171): Illuminate\\Cookie\\Middleware\\EncryptCookies->handle(Object(Illuminate\\Http\\Request), Object(Closure))
#11 /home3/comfoiy7/public_html/vendor/laravel/framework/src/Illuminate/Pipeline/Pipeline.php(105): Illuminate\\Pipeline\\Pipeline->Illuminate\\Pipeline\\{closure}(Object(Illuminate\\Http\\Request))
#12 /home3/comfoiy7/public_html/vendor/laravel/framework/src/Illuminate/Routing/Router.php(683): Illuminate\\Pipeline\\Pipeline->then(Object(Closure))
#13 /home3/comfoiy7/public_html/vendor/laravel/framework/src/Illuminate/Routing/Router.php(658): Illuminate\\Routing\\Router->runRouteWithinStack(Object(Illuminate\\Routing\\Route), Object(Illuminate\\Http\\Request))
#14 /home3/comfoiy7/public_html/vendor/laravel/framework/src/Illuminate/Routing/Router.php(624): Illuminate\\Routing\\Router->runRoute(Object(Illuminate\\Http\\Request), Object(Illuminate\\Routing\\Route))
#15 /home3/comfoiy7/public_html/vendor/laravel/framework/src/Illuminate/Routing/Router.php(613): Illuminate\\Routing\\Router->dispatchToRoute(Object(Illuminate\\Http\\Request))
#16 /home3/comfoiy7/public_html/vendor/laravel/framework/src/Illuminate/Foundation/Http/Kernel.php(170): Illuminate\\Routing\\Router->dispatch(Object(Illuminate\\Http\\Request))
#17 /home3/comfoiy7/public_html/vendor/laravel/framework/src/Illuminate/Pipeline/Pipeline.php(130): Illuminate\\Foundation\\Http\\Kernel->Illuminate\\Foundation\\Http\\{closure}(Object(Illuminate\\Http\\Request))
#18 /home3/comfoiy7/public_html/vendor/laravel/framework/src/Illuminate/Foundation/Http/Middleware/TransformsRequest.php(21): Illuminate\\Pipeline\\Pipeline->Illuminate\\Pipeline\\{closure}(Object(Illuminate\\Http\\Request))
#19 /home3/comfoiy7/public_html/vendor/laravel/framework/src/Illuminate/Pipeline/Pipeline.php(171): Illuminate\\Foundation\\Http\\Middleware\\TransformsRequest->handle(Object(Illuminate\\Http\\Request), Object(Closure))
#20 /home3/comfoiy7/public_html/vendor/laravel/framework/src/Illuminate/Foundation/Http/Middleware/TransformsRequest.php(21): Illuminate\\Pipeline\\Pipeline->Illuminate\\Pipeline\\{closure}(Object(Illuminate\\Http\\Request))
#21 /home3/comfoiy7/public_html/vendor/laravel/framework/src/Illuminate/Pipeline/Pipeline.php(171): Illuminate\\Foundation\\Http\\Middleware\\TransformsRequest->handle(Object(Illuminate\\Http\\Request), Object(Closure))
#22 /home3/comfoiy7/public_html/vendor/laravel/framework/src/Illuminate/Foundation/Http/Middleware/ValidatePostSize.php(27): Illuminate\\Pipeline\\Pipeline->Illuminate\\Pipeline\\{closure}(Object(Illuminate\\Http\\Request))
#23 /home3/comfoiy7/public_html/vendor/laravel/framework/src/Illuminate/Pipeline/Pipeline.php(171): Illuminate\\Foundation\\Http\\Middleware\\ValidatePostSize->handle(Object(Illuminate\\Http\\Request), Object(Closure))
#24 /home3/comfoiy7/public_html/vendor/laravel/framework/src/Illuminate/Foundation/Http/Middleware/CheckForMaintenanceMode.php(63): Illuminate\\Pipeline\\Pipeline->Illuminate\\Pipeline\\{closure}(Object(Illuminate\\Http\\Request))
#25 /home3/comfoiy7/public_html/vendor/laravel/framework/src/Illuminate/Pipeline/Pipeline.php(171): Illuminate\\Foundation\\Http\\Middleware\\CheckForMaintenanceMode->handle(Object(Illuminate\\Http\\Request), Object(Closure))
#26 /home3/comfoiy7/public_html/vendor/fideloper/proxy/src/TrustProxies.php(57): Illuminate\\Pipeline\\Pipeline->Illuminate\\Pipeline\\{closure}(Object(Illuminate\\Http\\Request))
#27 /home3/comfoiy7/public_html/vendor/laravel/framework/src/Illuminate/Pipeline/Pipeline.php(171): Fideloper\\Proxy\\TrustProxies->handle(Object(Illuminate\\Http\\Request), Object(Closure))
#28 /home3/comfoiy7/public_html/vendor/laravel/framework/src/Illuminate/Pipeline/Pipeline.php(105): Illuminate\\Pipeline\\Pipeline->Illuminate\\Pipeline\\{closure}(Object(Illuminate\\Http\\Request))
#29 /home3/comfoiy7/public_html/vendor/laravel/framework/src/Illuminate/Foundation/Http/Kernel.php(145): Illuminate\\Pipeline\\Pipeline->then(Object(Closure))
#30 /home3/comfoiy7/public_html/vendor/laravel/framework/src/Illuminate/Foundation/Http/Kernel.php(110): Illuminate\\Foundation\\Http\\Kernel->sendRequestThroughRouter(Object(Illuminate\\Http\\Request))
#31 /home3/comfoiy7/public_html/public/index.php(55): Illuminate\\Foundation\\Http\\Kernel->handle(Object(Illuminate\\Http\\Request))
#32 {main}
"} 
[2024-08-10 18:36:59] local.ERROR: SQLSTATE[HY000] [1045] Access denied for user 'root'@'localhost' (using password: NO) (SQL: select count(*) as aggregate from `wishlists` where `user_id` = 0) {"exception":"[object] (Illuminate\\Database\\QueryException(code: 1045): SQLSTATE[HY000] [1045] Access denied for user 'root'@'localhost' (using password: NO) (SQL: select count(*) as aggregate from `wishlists` where `user_id` = 0) at /home3/comfoiy7/public_html/vendor/laravel/framework/src/Illuminate/Database/Connection.php:669)
[stacktrace]
#0 /home3/comfoiy7/public_html/vendor/laravel/framework/src/Illuminate/Database/Connection.php(629): Illuminate\\Database\\Connection->runQueryCallback('select count(*)...', Array, Object(Closure))
#1 /home3/comfoiy7/public_html/vendor/laravel/framework/src/Illuminate/Database/Connection.php(338): Illuminate\\Database\\Connection->run('select count(*)...', Array, Object(Closure))
#2 /home3/comfoiy7/public_html/vendor/laravel/framework/src/Illuminate/Database/Query/Builder.php(2159): Illuminate\\Database\\Connection->select('select count(*)...', Array, true)
#3 /home3/comfoiy7/public_html/vendor/laravel/framework/src/Illuminate/Database/Query/Builder.php(2147): Illuminate\\Database\\Query\\Builder->runSelect()
#4 /home3/comfoiy7/public_html/vendor/laravel/framework/src/Illuminate/Database/Query/Builder.php(2619): Illuminate\\Database\\Query\\Builder->Illuminate\\Database\\Query\\{closure}()
#5 /home3/comfoiy7/public_html/vendor/laravel/framework/src/Illuminate/Database/Query/Builder.php(2148): Illuminate\\Database\\Query\\Builder->onceWithColumns(Array, Object(Closure))
#6 /home3/comfoiy7/public_html/vendor/laravel/framework/src/Illuminate/Database/Query/Builder.php(2546): Illuminate\\Database\\Query\\Builder->get(Array)
#7 /home3/comfoiy7/public_html/vendor/laravel/framework/src/Illuminate/Database/Query/Builder.php(2474): Illuminate\\Database\\Query\\Builder->aggregate('count', Array)
#8 /home3/comfoiy7/public_html/vendor/laravel/framework/src/Illuminate/Database/Eloquent/Builder.php(1385): Illuminate\\Database\\Query\\Builder->count()
#9 /home3/comfoiy7/public_html/app/Http/Middleware/CheckUserAuth.php(20): Illuminate\\Database\\Eloquent\\Builder->__call('count', Array)
#10 /home3/comfoiy7/public_html/vendor/laravel/framework/src/Illuminate/Pipeline/Pipeline.php(171): App\\Http\\Middleware\\CheckUserAuth->handle(Object(Illuminate\\Http\\Request), Object(Closure))
#11 /home3/comfoiy7/public_html/vendor/laravel/framework/src/Illuminate/Routing/Middleware/SubstituteBindings.php(41): Illuminate\\Pipeline\\Pipeline->Illuminate\\Pipeline\\{closure}(Object(Illuminate\\Http\\Request))
#12 /home3/comfoiy7/public_html/vendor/laravel/framework/src/Illuminate/Pipeline/Pipeline.php(171): Illuminate\\Routing\\Middleware\\SubstituteBindings->handle(Object(Illuminate\\Http\\Request), Object(Closure))
#13 /home3/comfoiy7/public_html/vendor/laravel/framework/src/Illuminate/Foundation/Http/Middleware/VerifyCsrfToken.php(78): Illuminate\\Pipeline\\Pipeline->Illuminate\\Pipeline\\{closure}(Object(Illuminate\\Http\\Request))
#14 /home3/comfoiy7/public_html/vendor/laravel/framework/src/Illuminate/Pipeline/Pipeline.php(171): Illuminate\\Foundation\\Http\\Middleware\\VerifyCsrfToken->handle(Object(Illuminate\\Http\\Request), Object(Closure))
#15 /home3/comfoiy7/public_html/vendor/laravel/framework/src/Illuminate/View/Middleware/ShareErrorsFromSession.php(49): Illuminate\\Pipeline\\Pipeline->Illuminate\\Pipeline\\{closure}(Object(Illuminate\\Http\\Request))
#16 /home3/comfoiy7/public_html/vendor/laravel/framework/src/Illuminate/Pipeline/Pipeline.php(171): Illuminate\\View\\Middleware\\ShareErrorsFromSession->handle(Object(Illuminate\\Http\\Request), Object(Closure))
#17 /home3/comfoiy7/public_html/vendor/laravel/framework/src/Illuminate/Session/Middleware/StartSession.php(56): Illuminate\\Pipeline\\Pipeline->Illuminate\\Pipeline\\{closure}(Object(Illuminate\\Http\\Request))
#18 /home3/comfoiy7/public_html/vendor/laravel/framework/src/Illuminate/Pipeline/Pipeline.php(171): Illuminate\\Session\\Middleware\\StartSession->handle(Object(Illuminate\\Http\\Request), Object(Closure))
#19 /home3/comfoiy7/public_html/vendor/laravel/framework/src/Illuminate/Cookie/Middleware/AddQueuedCookiesToResponse.php(37): Illuminate\\Pipeline\\Pipeline->Illuminate\\Pipeline\\{closure}(Object(Illuminate\\Http\\Request))
#20 /home3/comfoiy7/public_html/vendor/laravel/framework/src/Illuminate/Pipeline/Pipeline.php(171): Illuminate\\Cookie\\Middleware\\AddQueuedCookiesToResponse->handle(Object(Illuminate\\Http\\Request), Object(Closure))
#21 /home3/comfoiy7/public_html/vendor/laravel/framework/src/Illuminate/Cookie/Middleware/EncryptCookies.php(67): Illuminate\\Pipeline\\Pipeline->Illuminate\\Pipeline\\{closure}(Object(Illuminate\\Http\\Request))
#22 /home3/comfoiy7/public_html/vendor/laravel/framework/src/Illuminate/Pipeline/Pipeline.php(171): Illuminate\\Cookie\\Middleware\\EncryptCookies->handle(Object(Illuminate\\Http\\Request), Object(Closure))
#23 /home3/comfoiy7/public_html/vendor/laravel/framework/src/Illuminate/Pipeline/Pipeline.php(105): Illuminate\\Pipeline\\Pipeline->Illuminate\\Pipeline\\{closure}(Object(Illuminate\\Http\\Request))
#24 /home3/comfoiy7/public_html/vendor/laravel/framework/src/Illuminate/Routing/Router.php(683): Illuminate\\Pipeline\\Pipeline->then(Object(Closure))
#25 /home3/comfoiy7/public_html/vendor/laravel/framework/src/Illuminate/Routing/Router.php(658): Illuminate\\Routing\\Router->runRouteWithinStack(Object(Illuminate\\Routing\\Route), Object(Illuminate\\Http\\Request))
#26 /home3/comfoiy7/public_html/vendor/laravel/framework/src/Illuminate/Routing/Router.php(624): Illuminate\\Routing\\Router->runRoute(Object(Illuminate\\Http\\Request), Object(Illuminate\\Routing\\Route))
#27 /home3/comfoiy7/public_html/vendor/laravel/framework/src/Illuminate/Routing/Router.php(613): Illuminate\\Routing\\Router->dispatchToRoute(Object(Illuminate\\Http\\Request))
#28 /home3/comfoiy7/public_html/vendor/laravel/framework/src/Illuminate/Foundation/Http/Kernel.php(170): Illuminate\\Routing\\Router->dispatch(Object(Illuminate\\Http\\Request))
#29 /home3/comfoiy7/public_html/vendor/laravel/framework/src/Illuminate/Pipeline/Pipeline.php(130): Illuminate\\Foundation\\Http\\Kernel->Illuminate\\Foundation\\Http\\{closure}(Object(Illuminate\\Http\\Request))
#30 /home3/comfoiy7/public_html/vendor/laravel/framework/src/Illuminate/Foundation/Http/Middleware/TransformsRequest.php(21): Illuminate\\Pipeline\\Pipeline->Illuminate\\Pipeline\\{closure}(Object(Illuminate\\Http\\Request))
#31 /home3/comfoiy7/public_html/vendor/laravel/framework/src/Illuminate/Pipeline/Pipeline.php(171): Illuminate\\Foundation\\Http\\Middleware\\TransformsRequest->handle(Object(Illuminate\\Http\\Request), Object(Closure))
#32 /home3/comfoiy7/public_html/vendor/laravel/framework/src/Illuminate/Foundation/Http/Middleware/TransformsRequest.php(21): Illuminate\\Pipeline\\Pipeline->Illuminate\\Pipeline\\{closure}(Object(Illuminate\\Http\\Request))
#33 /home3/comfoiy7/public_html/vendor/laravel/framework/src/Illuminate/Pipeline/Pipeline.php(171): Illuminate\\Foundation\\Http\\Middleware\\TransformsRequest->handle(Object(Illuminate\\Http\\Request), Object(Closure))
#34 /home3/comfoiy7/public_html/vendor/laravel/framework/src/Illuminate/Foundation/Http/Middleware/ValidatePostSize.php(27): Illuminate\\Pipeline\\Pipeline->Illuminate\\Pipeline\\{closure}(Object(Illuminate\\Http\\Request))
#35 /home3/comfoiy7/public_html/vendor/laravel/framework/src/Illuminate/Pipeline/Pipeline.php(171): Illuminate\\Foundation\\Http\\Middleware\\ValidatePostSize->handle(Object(Illuminate\\Http\\Request), Object(Closure))
#36 /home3/comfoiy7/public_html/vendor/laravel/framework/src/Illuminate/Foundation/Http/Middleware/CheckForMaintenanceMode.php(63): Illuminate\\Pipeline\\Pipeline->Illuminate\\Pipeline\\{closure}(Object(Illuminate\\Http\\Request))
#37 /home3/comfoiy7/public_html/vendor/laravel/framework/src/Illuminate/Pipeline/Pipeline.php(171): Illuminate\\Foundation\\Http\\Middleware\\CheckForMaintenanceMode->handle(Object(Illuminate\\Http\\Request), Object(Closure))
#38 /home3/comfoiy7/public_html/vendor/fideloper/proxy/src/TrustProxies.php(57): Illuminate\\Pipeline\\Pipeline->Illuminate\\Pipeline\\{closure}(Object(Illuminate\\Http\\Request))
#39 /home3/comfoiy7/public_html/vendor/laravel/framework/src/Illuminate/Pipeline/Pipeline.php(171): Fideloper\\Proxy\\TrustProxies->handle(Object(Illuminate\\Http\\Request), Object(Closure))
#40 /home3/comfoiy7/public_html/vendor/laravel/framework/src/Illuminate/Pipeline/Pipeline.php(105): Illuminate\\Pipeline\\Pipeline->Illuminate\\Pipeline\\{closure}(Object(Illuminate\\Http\\Request))
#41 /home3/comfoiy7/public_html/vendor/laravel/framework/src/Illuminate/Foundation/Http/Kernel.php(145): Illuminate\\Pipeline\\Pipeline->then(Object(Closure))
#42 /home3/comfoiy7/public_html/vendor/laravel/framework/src/Illuminate/Foundation/Http/Kernel.php(110): Illuminate\\Foundation\\Http\\Kernel->sendRequestThroughRouter(Object(Illuminate\\Http\\Request))
#43 /home3/comfoiy7/public_html/public/index.php(55): Illuminate\\Foundation\\Http\\Kernel->handle(Object(Illuminate\\Http\\Request))
#44 {main}

[previous exception] [object] (Doctrine\\DBAL\\Driver\\PDO\\Exception(code: 1045): SQLSTATE[HY000] [1045] Access denied for user 'root'@'localhost' (using password: NO) at /home3/comfoiy7/public_html/vendor/doctrine/dbal/lib/Doctrine/DBAL/Driver/PDO/Exception.php:18)
[stacktrace]
#0 /home3/comfoiy7/public_html/vendor/doctrine/dbal/lib/Doctrine/DBAL/Driver/PDOConnection.php(44): Doctrine\\DBAL\\Driver\\PDO\\Exception::new(Object(PDOException))
#1 /home3/comfoiy7/public_html/vendor/laravel/framework/src/Illuminate/Database/Connectors/Connector.php(67): Doctrine\\DBAL\\Driver\\PDOConnection->__construct('mysql:host=127....', 'root', '', Array)
#2 /home3/comfoiy7/public_html/vendor/laravel/framework/src/Illuminate/Database/Connectors/Connector.php(46): Illuminate\\Database\\Connectors\\Connector->createPdoConnection('mysql:host=127....', 'root', '', Array)
#3 /home3/comfoiy7/public_html/vendor/laravel/framework/src/Illuminate/Database/Connectors/MySqlConnector.php(24): Illuminate\\Database\\Connectors\\Connector->createConnection('mysql:host=127....', Array, Array)
#4 /home3/comfoiy7/public_html/vendor/laravel/framework/src/Illuminate/Database/Connectors/ConnectionFactory.php(182): Illuminate\\Database\\Connectors\\MySqlConnector->connect(Array)
#5 [internal function]: Illuminate\\Database\\Connectors\\ConnectionFactory->Illuminate\\Database\\Connectors\\{closure}()
#6 /home3/comfoiy7/public_html/vendor/laravel/framework/src/Illuminate/Database/Connection.php(924): call_user_func(Object(Closure))
#7 /home3/comfoiy7/public_html/vendor/laravel/framework/src/Illuminate/Database/Connection.php(959): Illuminate\\Database\\Connection->getPdo()
#8 /home3/comfoiy7/public_html/vendor/laravel/framework/src/Illuminate/Database/Connection.php(404): Illuminate\\Database\\Connection->getReadPdo()
#9 /home3/comfoiy7/public_html/vendor/laravel/framework/src/Illuminate/Database/Connection.php(330): Illuminate\\Database\\Connection->getPdoForSelect(true)
#10 /home3/comfoiy7/public_html/vendor/laravel/framework/src/Illuminate/Database/Connection.php(662): Illuminate\\Database\\Connection->Illuminate\\Database\\{closure}('select count(*)...', Array)
#11 /home3/comfoiy7/public_html/vendor/laravel/framework/src/Illuminate/Database/Connection.php(629): Illuminate\\Database\\Connection->runQueryCallback('select count(*)...', Array, Object(Closure))
#12 /home3/comfoiy7/public_html/vendor/laravel/framework/src/Illuminate/Database/Connection.php(338): Illuminate\\Database\\Connection->run('select count(*)...', Array, Object(Closure))
#13 /home3/comfoiy7/public_html/vendor/laravel/framework/src/Illuminate/Database/Query/Builder.php(2159): Illuminate\\Database\\Connection->select('select count(*)...', Array, true)
#14 /home3/comfoiy7/public_html/vendor/laravel/framework/src/Illuminate/Database/Query/Builder.php(2147): Illuminate\\Database\\Query\\Builder->runSelect()
#15 /home3/comfoiy7/public_html/vendor/laravel/framework/src/Illuminate/Database/Query/Builder.php(2619): Illuminate\\Database\\Query\\Builder->Illuminate\\Database\\Query\\{closure}()
#16 /home3/comfoiy7/public_html/vendor/laravel/framework/src/Illuminate/Database/Query/Builder.php(2148): Illuminate\\Database\\Query\\Builder->onceWithColumns(Array, Object(Closure))
#17 /home3/comfoiy7/public_html/vendor/laravel/framework/src/Illuminate/Database/Query/Builder.php(2546): Illuminate\\Database\\Query\\Builder->get(Array)
#18 /home3/comfoiy7/public_html/vendor/laravel/framework/src/Illuminate/Database/Query/Builder.php(2474): Illuminate\\Database\\Query\\Builder->aggregate('count', Array)
#19 /home3/comfoiy7/public_html/vendor/laravel/framework/src/Illuminate/Database/Eloquent/Builder.php(1385): Illuminate\\Database\\Query\\Builder->count()
#20 /home3/comfoiy7/public_html/app/Http/Middleware/CheckUserAuth.php(20): Illuminate\\Database\\Eloquent\\Builder->__call('count', Array)
#21 /home3/comfoiy7/public_html/vendor/laravel/framework/src/Illuminate/Pipeline/Pipeline.php(171): App\\Http\\Middleware\\CheckUserAuth->handle(Object(Illuminate\\Http\\Request), Object(Closure))
#22 /home3/comfoiy7/public_html/vendor/laravel/framework/src/Illuminate/Routing/Middleware/SubstituteBindings.php(41): Illuminate\\Pipeline\\Pipeline->Illuminate\\Pipeline\\{closure}(Object(Illuminate\\Http\\Request))
#23 /home3/comfoiy7/public_html/vendor/laravel/framework/src/Illuminate/Pipeline/Pipeline.php(171): Illuminate\\Routing\\Middleware\\SubstituteBindings->handle(Object(Illuminate\\Http\\Request), Object(Closure))
#24 /home3/comfoiy7/public_html/vendor/laravel/framework/src/Illuminate/Foundation/Http/Middleware/VerifyCsrfToken.php(78): Illuminate\\Pipeline\\Pipeline->Illuminate\\Pipeline\\{closure}(Object(Illuminate\\Http\\Request))
#25 /home3/comfoiy7/public_html/vendor/laravel/framework/src/Illuminate/Pipeline/Pipeline.php(171): Illuminate\\Foundation\\Http\\Middleware\\VerifyCsrfToken->handle(Object(Illuminate\\Http\\Request), Object(Closure))
#26 /home3/comfoiy7/public_html/vendor/laravel/framework/src/Illuminate/View/Middleware/ShareErrorsFromSession.php(49): Illuminate\\Pipeline\\Pipeline->Illuminate\\Pipeline\\{closure}(Object(Illuminate\\Http\\Request))
#27 /home3/comfoiy7/public_html/vendor/laravel/framework/src/Illuminate/Pipeline/Pipeline.php(171): Illuminate\\View\\Middleware\\ShareErrorsFromSession->handle(Object(Illuminate\\Http\\Request), Object(Closure))
#28 /home3/comfoiy7/public_html/vendor/laravel/framework/src/Illuminate/Session/Middleware/StartSession.php(56): Illuminate\\Pipeline\\Pipeline->Illuminate\\Pipeline\\{closure}(Object(Illuminate\\Http\\Request))
#29 /home3/comfoiy7/public_html/vendor/laravel/framework/src/Illuminate/Pipeline/Pipeline.php(171): Illuminate\\Session\\Middleware\\StartSession->handle(Object(Illuminate\\Http\\Request), Object(Closure))
#30 /home3/comfoiy7/public_html/vendor/laravel/framework/src/Illuminate/Cookie/Middleware/AddQueuedCookiesToResponse.php(37): Illuminate\\Pipeline\\Pipeline->Illuminate\\Pipeline\\{closure}(Object(Illuminate\\Http\\Request))
#31 /home3/comfoiy7/public_html/vendor/laravel/framework/src/Illuminate/Pipeline/Pipeline.php(171): Illuminate\\Cookie\\Middleware\\AddQueuedCookiesToResponse->handle(Object(Illuminate\\Http\\Request), Object(Closure))
#32 /home3/comfoiy7/public_html/vendor/laravel/framework/src/Illuminate/Cookie/Middleware/EncryptCookies.php(67): Illuminate\\Pipeline\\Pipeline->Illuminate\\Pipeline\\{closure}(Object(Illuminate\\Http\\Request))
#33 /home3/comfoiy7/public_html/vendor/laravel/framework/src/Illuminate/Pipeline/Pipeline.php(171): Illuminate\\Cookie\\Middleware\\EncryptCookies->handle(Object(Illuminate\\Http\\Request), Object(Closure))
#34 /home3/comfoiy7/public_html/vendor/laravel/framework/src/Illuminate/Pipeline/Pipeline.php(105): Illuminate\\Pipeline\\Pipeline->Illuminate\\Pipeline\\{closure}(Object(Illuminate\\Http\\Request))
#35 /home3/comfoiy7/public_html/vendor/laravel/framework/src/Illuminate/Routing/Router.php(683): Illuminate\\Pipeline\\Pipeline->then(Object(Closure))
#36 /home3/comfoiy7/public_html/vendor/laravel/framework/src/Illuminate/Routing/Router.php(658): Illuminate\\Routing\\Router->runRouteWithinStack(Object(Illuminate\\Routing\\Route), Object(Illuminate\\Http\\Request))
#37 /home3/comfoiy7/public_html/vendor/laravel/framework/src/Illuminate/Routing/Router.php(624): Illuminate\\Routing\\Router->runRoute(Object(Illuminate\\Http\\Request), Object(Illuminate\\Routing\\Route))
#38 /home3/comfoiy7/public_html/vendor/laravel/framework/src/Illuminate/Routing/Router.php(613): Illuminate\\Routing\\Router->dispatchToRoute(Object(Illuminate\\Http\\Request))
#39 /home3/comfoiy7/public_html/vendor/laravel/framework/src/Illuminate/Foundation/Http/Kernel.php(170): Illuminate\\Routing\\Router->dispatch(Object(Illuminate\\Http\\Request))
#40 /home3/comfoiy7/public_html/vendor/laravel/framework/src/Illuminate/Pipeline/Pipeline.php(130): Illuminate\\Foundation\\Http\\Kernel->Illuminate\\Foundation\\Http\\{closure}(Object(Illuminate\\Http\\Request))
#41 /home3/comfoiy7/public_html/vendor/laravel/framework/src/Illuminate/Foundation/Http/Middleware/TransformsRequest.php(21): Illuminate\\Pipeline\\Pipeline->Illuminate\\Pipeline\\{closure}(Object(Illuminate\\Http\\Request))
#42 /home3/comfoiy7/public_html/vendor/laravel/framework/src/Illuminate/Pipeline/Pipeline.php(171): Illuminate\\Foundation\\Http\\Middleware\\TransformsRequest->handle(Object(Illuminate\\Http\\Request), Object(Closure))
#43 /home3/comfoiy7/public_html/vendor/laravel/framework/src/Illuminate/Foundation/Http/Middleware/TransformsRequest.php(21): Illuminate\\Pipeline\\Pipeline->Illuminate\\Pipeline\\{closure}(Object(Illuminate\\Http\\Request))
#44 /home3/comfoiy7/public_html/vendor/laravel/framework/src/Illuminate/Pipeline/Pipeline.php(171): Illuminate\\Foundation\\Http\\Middleware\\TransformsRequest->handle(Object(Illuminate\\Http\\Request), Object(Closure))
#45 /home3/comfoiy7/public_html/vendor/laravel/framework/src/Illuminate/Foundation/Http/Middleware/ValidatePostSize.php(27): Illuminate\\Pipeline\\Pipeline->Illuminate\\Pipeline\\{closure}(Object(Illuminate\\Http\\Request))
#46 /home3/comfoiy7/public_html/vendor/laravel/framework/src/Illuminate/Pipeline/Pipeline.php(171): Illuminate\\Foundation\\Http\\Middleware\\ValidatePostSize->handle(Object(Illuminate\\Http\\Request), Object(Closure))
#47 /home3/comfoiy7/public_html/vendor/laravel/framework/src/Illuminate/Foundation/Http/Middleware/CheckForMaintenanceMode.php(63): Illuminate\\Pipeline\\Pipeline->Illuminate\\Pipeline\\{closure}(Object(Illuminate\\Http\\Request))
#48 /home3/comfoiy7/public_html/vendor/laravel/framework/src/Illuminate/Pipeline/Pipeline.php(171): Illuminate\\Foundation\\Http\\Middleware\\CheckForMaintenanceMode->handle(Object(Illuminate\\Http\\Request), Object(Closure))
#49 /home3/comfoiy7/public_html/vendor/fideloper/proxy/src/TrustProxies.php(57): Illuminate\\Pipeline\\Pipeline->Illuminate\\Pipeline\\{closure}(Object(Illuminate\\Http\\Request))
#50 /home3/comfoiy7/public_html/vendor/laravel/framework/src/Illuminate/Pipeline/Pipeline.php(171): Fideloper\\Proxy\\TrustProxies->handle(Object(Illuminate\\Http\\Request), Object(Closure))
#51 /home3/comfoiy7/public_html/vendor/laravel/framework/src/Illuminate/Pipeline/Pipeline.php(105): Illuminate\\Pipeline\\Pipeline->Illuminate\\Pipeline\\{closure}(Object(Illuminate\\Http\\Request))
#52 /home3/comfoiy7/public_html/vendor/laravel/framework/src/Illuminate/Foundation/Http/Kernel.php(145): Illuminate\\Pipeline\\Pipeline->then(Object(Closure))
#53 /home3/comfoiy7/public_html/vendor/laravel/framework/src/Illuminate/Foundation/Http/Kernel.php(110): Illuminate\\Foundation\\Http\\Kernel->sendRequestThroughRouter(Object(Illuminate\\Http\\Request))
#54 /home3/comfoiy7/public_html/public/index.php(55): Illuminate\\Foundation\\Http\\Kernel->handle(Object(Illuminate\\Http\\Request))
#55 {main}

[previous exception] [object] (PDOException(code: 1045): SQLSTATE[HY000] [1045] Access denied for user 'root'@'localhost' (using password: NO) at /home3/comfoiy7/public_html/vendor/doctrine/dbal/lib/Doctrine/DBAL/Driver/PDOConnection.php:40)
[stacktrace]
#0 /home3/comfoiy7/public_html/vendor/doctrine/dbal/lib/Doctrine/DBAL/Driver/PDOConnection.php(40): PDO->__construct('mysql:host=127....', 'root', '', Array)
#1 /home3/comfoiy7/public_html/vendor/laravel/framework/src/Illuminate/Database/Connectors/Connector.php(67): Doctrine\\DBAL\\Driver\\PDOConnection->__construct('mysql:host=127....', 'root', '', Array)
#2 /home3/comfoiy7/public_html/vendor/laravel/framework/src/Illuminate/Database/Connectors/Connector.php(46): Illuminate\\Database\\Connectors\\Connector->createPdoConnection('mysql:host=127....', 'root', '', Array)
#3 /home3/comfoiy7/public_html/vendor/laravel/framework/src/Illuminate/Database/Connectors/MySqlConnector.php(24): Illuminate\\Database\\Connectors\\Connector->createConnection('mysql:host=127....', Array, Array)
#4 /home3/comfoiy7/public_html/vendor/laravel/framework/src/Illuminate/Database/Connectors/ConnectionFactory.php(182): Illuminate\\Database\\Connectors\\MySqlConnector->connect(Array)
#5 [internal function]: Illuminate\\Database\\Connectors\\ConnectionFactory->Illuminate\\Database\\Connectors\\{closure}()
#6 /home3/comfoiy7/public_html/vendor/laravel/framework/src/Illuminate/Database/Connection.php(924): call_user_func(Object(Closure))
#7 /home3/comfoiy7/public_html/vendor/laravel/framework/src/Illuminate/Database/Connection.php(959): Illuminate\\Database\\Connection->getPdo()
#8 /home3/comfoiy7/public_html/vendor/laravel/framework/src/Illuminate/Database/Connection.php(404): Illuminate\\Database\\Connection->getReadPdo()
#9 /home3/comfoiy7/public_html/vendor/laravel/framework/src/Illuminate/Database/Connection.php(330): Illuminate\\Database\\Connection->getPdoForSelect(true)
#10 /home3/comfoiy7/public_html/vendor/laravel/framework/src/Illuminate/Database/Connection.php(662): Illuminate\\Database\\Connection->Illuminate\\Database\\{closure}('select count(*)...', Array)
#11 /home3/comfoiy7/public_html/vendor/laravel/framework/src/Illuminate/Database/Connection.php(629): Illuminate\\Database\\Connection->runQueryCallback('select count(*)...', Array, Object(Closure))
#12 /home3/comfoiy7/public_html/vendor/laravel/framework/src/Illuminate/Database/Connection.php(338): Illuminate\\Database\\Connection->run('select count(*)...', Array, Object(Closure))
#13 /home3/comfoiy7/public_html/vendor/laravel/framework/src/Illuminate/Database/Query/Builder.php(2159): Illuminate\\Database\\Connection->select('select count(*)...', Array, true)
#14 /home3/comfoiy7/public_html/vendor/laravel/framework/src/Illuminate/Database/Query/Builder.php(2147): Illuminate\\Database\\Query\\Builder->runSelect()
#15 /home3/comfoiy7/public_html/vendor/laravel/framework/src/Illuminate/Database/Query/Builder.php(2619): Illuminate\\Database\\Query\\Builder->Illuminate\\Database\\Query\\{closure}()
#16 /home3/comfoiy7/public_html/vendor/laravel/framework/src/Illuminate/Database/Query/Builder.php(2148): Illuminate\\Database\\Query\\Builder->onceWithColumns(Array, Object(Closure))
#17 /home3/comfoiy7/public_html/vendor/laravel/framework/src/Illuminate/Database/Query/Builder.php(2546): Illuminate\\Database\\Query\\Builder->get(Array)
#18 /home3/comfoiy7/public_html/vendor/laravel/framework/src/Illuminate/Database/Query/Builder.php(2474): Illuminate\\Database\\Query\\Builder->aggregate('count', Array)
#19 /home3/comfoiy7/public_html/vendor/laravel/framework/src/Illuminate/Database/Eloquent/Builder.php(1385): Illuminate\\Database\\Query\\Builder->count()
#20 /home3/comfoiy7/public_html/app/Http/Middleware/CheckUserAuth.php(20): Illuminate\\Database\\Eloquent\\Builder->__call('count', Array)
#21 /home3/comfoiy7/public_html/vendor/laravel/framework/src/Illuminate/Pipeline/Pipeline.php(171): App\\Http\\Middleware\\CheckUserAuth->handle(Object(Illuminate\\Http\\Request), Object(Closure))
#22 /home3/comfoiy7/public_html/vendor/laravel/framework/src/Illuminate/Routing/Middleware/SubstituteBindings.php(41): Illuminate\\Pipeline\\Pipeline->Illuminate\\Pipeline\\{closure}(Object(Illuminate\\Http\\Request))
#23 /home3/comfoiy7/public_html/vendor/laravel/framework/src/Illuminate/Pipeline/Pipeline.php(171): Illuminate\\Routing\\Middleware\\SubstituteBindings->handle(Object(Illuminate\\Http\\Request), Object(Closure))
#24 /home3/comfoiy7/public_html/vendor/laravel/framework/src/Illuminate/Foundation/Http/Middleware/VerifyCsrfToken.php(78): Illuminate\\Pipeline\\Pipeline->Illuminate\\Pipeline\\{closure}(Object(Illuminate\\Http\\Request))
#25 /home3/comfoiy7/public_html/vendor/laravel/framework/src/Illuminate/Pipeline/Pipeline.php(171): Illuminate\\Foundation\\Http\\Middleware\\VerifyCsrfToken->handle(Object(Illuminate\\Http\\Request), Object(Closure))
#26 /home3/comfoiy7/public_html/vendor/laravel/framework/src/Illuminate/View/Middleware/ShareErrorsFromSession.php(49): Illuminate\\Pipeline\\Pipeline->Illuminate\\Pipeline\\{closure}(Object(Illuminate\\Http\\Request))
#27 /home3/comfoiy7/public_html/vendor/laravel/framework/src/Illuminate/Pipeline/Pipeline.php(171): Illuminate\\View\\Middleware\\ShareErrorsFromSession->handle(Object(Illuminate\\Http\\Request), Object(Closure))
#28 /home3/comfoiy7/public_html/vendor/laravel/framework/src/Illuminate/Session/Middleware/StartSession.php(56): Illuminate\\Pipeline\\Pipeline->Illuminate\\Pipeline\\{closure}(Object(Illuminate\\Http\\Request))
#29 /home3/comfoiy7/public_html/vendor/laravel/framework/src/Illuminate/Pipeline/Pipeline.php(171): Illuminate\\Session\\Middleware\\StartSession->handle(Object(Illuminate\\Http\\Request), Object(Closure))
#30 /home3/comfoiy7/public_html/vendor/laravel/framework/src/Illuminate/Cookie/Middleware/AddQueuedCookiesToResponse.php(37): Illuminate\\Pipeline\\Pipeline->Illuminate\\Pipeline\\{closure}(Object(Illuminate\\Http\\Request))
#31 /home3/comfoiy7/public_html/vendor/laravel/framework/src/Illuminate/Pipeline/Pipeline.php(171): Illuminate\\Cookie\\Middleware\\AddQueuedCookiesToResponse->handle(Object(Illuminate\\Http\\Request), Object(Closure))
#32 /home3/comfoiy7/public_html/vendor/laravel/framework/src/Illuminate/Cookie/Middleware/EncryptCookies.php(67): Illuminate\\Pipeline\\Pipeline->Illuminate\\Pipeline\\{closure}(Object(Illuminate\\Http\\Request))
#33 /home3/comfoiy7/public_html/vendor/laravel/framework/src/Illuminate/Pipeline/Pipeline.php(171): Illuminate\\Cookie\\Middleware\\EncryptCookies->handle(Object(Illuminate\\Http\\Request), Object(Closure))
#34 /home3/comfoiy7/public_html/vendor/laravel/framework/src/Illuminate/Pipeline/Pipeline.php(105): Illuminate\\Pipeline\\Pipeline->Illuminate\\Pipeline\\{closure}(Object(Illuminate\\Http\\Request))
#35 /home3/comfoiy7/public_html/vendor/laravel/framework/src/Illuminate/Routing/Router.php(683): Illuminate\\Pipeline\\Pipeline->then(Object(Closure))
#36 /home3/comfoiy7/public_html/vendor/laravel/framework/src/Illuminate/Routing/Router.php(658): Illuminate\\Routing\\Router->runRouteWithinStack(Object(Illuminate\\Routing\\Route), Object(Illuminate\\Http\\Request))
#37 /home3/comfoiy7/public_html/vendor/laravel/framework/src/Illuminate/Routing/Router.php(624): Illuminate\\Routing\\Router->runRoute(Object(Illuminate\\Http\\Request), Object(Illuminate\\Routing\\Route))
#38 /home3/comfoiy7/public_html/vendor/laravel/framework/src/Illuminate/Routing/Router.php(613): Illuminate\\Routing\\Router->dispatchToRoute(Object(Illuminate\\Http\\Request))
#39 /home3/comfoiy7/public_html/vendor/laravel/framework/src/Illuminate/Foundation/Http/Kernel.php(170): Illuminate\\Routing\\Router->dispatch(Object(Illuminate\\Http\\Request))
#40 /home3/comfoiy7/public_html/vendor/laravel/framework/src/Illuminate/Pipeline/Pipeline.php(130): Illuminate\\Foundation\\Http\\Kernel->Illuminate\\Foundation\\Http\\{closure}(Object(Illuminate\\Http\\Request))
#41 /home3/comfoiy7/public_html/vendor/laravel/framework/src/Illuminate/Foundation/Http/Middleware/TransformsRequest.php(21): Illuminate\\Pipeline\\Pipeline->Illuminate\\Pipeline\\{closure}(Object(Illuminate\\Http\\Request))
#42 /home3/comfoiy7/public_html/vendor/laravel/framework/src/Illuminate/Pipeline/Pipeline.php(171): Illuminate\\Foundation\\Http\\Middleware\\TransformsRequest->handle(Object(Illuminate\\Http\\Request), Object(Closure))
#43 /home3/comfoiy7/public_html/vendor/laravel/framework/src/Illuminate/Foundation/Http/Middleware/TransformsRequest.php(21): Illuminate\\Pipeline\\Pipeline->Illuminate\\Pipeline\\{closure}(Object(Illuminate\\Http\\Request))
#44 /home3/comfoiy7/public_html/vendor/laravel/framework/src/Illuminate/Pipeline/Pipeline.php(171): Illuminate\\Foundation\\Http\\Middleware\\TransformsRequest->handle(Object(Illuminate\\Http\\Request), Object(Closure))
#45 /home3/comfoiy7/public_html/vendor/laravel/framework/src/Illuminate/Foundation/Http/Middleware/ValidatePostSize.php(27): Illuminate\\Pipeline\\Pipeline->Illuminate\\Pipeline\\{closure}(Object(Illuminate\\Http\\Request))
#46 /home3/comfoiy7/public_html/vendor/laravel/framework/src/Illuminate/Pipeline/Pipeline.php(171): Illuminate\\Foundation\\Http\\Middleware\\ValidatePostSize->handle(Object(Illuminate\\Http\\Request), Object(Closure))
#47 /home3/comfoiy7/public_html/vendor/laravel/framework/src/Illuminate/Foundation/Http/Middleware/CheckForMaintenanceMode.php(63): Illuminate\\Pipeline\\Pipeline->Illuminate\\Pipeline\\{closure}(Object(Illuminate\\Http\\Request))
#48 /home3/comfoiy7/public_html/vendor/laravel/framework/src/Illuminate/Pipeline/Pipeline.php(171): Illuminate\\Foundation\\Http\\Middleware\\CheckForMaintenanceMode->handle(Object(Illuminate\\Http\\Request), Object(Closure))
#49 /home3/comfoiy7/public_html/vendor/fideloper/proxy/src/TrustProxies.php(57): Illuminate\\Pipeline\\Pipeline->Illuminate\\Pipeline\\{closure}(Object(Illuminate\\Http\\Request))
#50 /home3/comfoiy7/public_html/vendor/laravel/framework/src/Illuminate/Pipeline/Pipeline.php(171): Fideloper\\Proxy\\TrustProxies->handle(Object(Illuminate\\Http\\Request), Object(Closure))
#51 /home3/comfoiy7/public_html/vendor/laravel/framework/src/Illuminate/Pipeline/Pipeline.php(105): Illuminate\\Pipeline\\Pipeline->Illuminate\\Pipeline\\{closure}(Object(Illuminate\\Http\\Request))
#52 /home3/comfoiy7/public_html/vendor/laravel/framework/src/Illuminate/Foundation/Http/Kernel.php(145): Illuminate\\Pipeline\\Pipeline->then(Object(Closure))
#53 /home3/comfoiy7/public_html/vendor/laravel/framework/src/Illuminate/Foundation/Http/Kernel.php(110): Illuminate\\Foundation\\Http\\Kernel->sendRequestThroughRouter(Object(Illuminate\\Http\\Request))
#54 /home3/comfoiy7/public_html/public/index.php(55): Illuminate\\Foundation\\Http\\Kernel->handle(Object(Illuminate\\Http\\Request))
#55 {main}
"} 
[2024-08-10 18:36:59] local.ERROR: file_put_contents(C:\xampp7.4\htdocs\vardha_shoes\storage\framework/sessions/sgUZUZ4VZZM1zJ922lMmqBO0rueZOZIU4x3BDznF): failed to open stream: No such file or directory {"exception":"[object] (ErrorException(code: 0): file_put_contents(C:\\xampp7.4\\htdocs\\vardha_shoes\\storage\\framework/sessions/sgUZUZ4VZZM1zJ922lMmqBO0rueZOZIU4x3BDznF): failed to open stream: No such file or directory at /home3/comfoiy7/public_html/vendor/laravel/framework/src/Illuminate/Filesystem/Filesystem.php:133)
[stacktrace]
#0 [internal function]: Illuminate\\Foundation\\Bootstrap\\HandleExceptions->handleError(2, 'file_put_conten...', '/home3/comfoiy7...', 133, Array)
#1 /home3/comfoiy7/public_html/vendor/laravel/framework/src/Illuminate/Filesystem/Filesystem.php(133): file_put_contents('C:\\\\xampp7.4\\\\htd...', 'a:3:{s:6:\"_toke...', 2)
#2 /home3/comfoiy7/public_html/vendor/laravel/framework/src/Illuminate/Session/FileSessionHandler.php(83): Illuminate\\Filesystem\\Filesystem->put('C:\\\\xampp7.4\\\\htd...', 'a:3:{s:6:\"_toke...', true)
#3 /home3/comfoiy7/public_html/vendor/laravel/framework/src/Illuminate/Session/Store.php(129): Illuminate\\Session\\FileSessionHandler->write('sgUZUZ4VZZM1zJ9...', 'a:3:{s:6:\"_toke...')
#4 /home3/comfoiy7/public_html/vendor/laravel/framework/src/Illuminate/Session/Middleware/StartSession.php(170): Illuminate\\Session\\Store->save()
#5 /home3/comfoiy7/public_html/vendor/laravel/framework/src/Illuminate/Session/Middleware/StartSession.php(65): Illuminate\\Session\\Middleware\\StartSession->saveSession(Object(Illuminate\\Http\\Request))
#6 /home3/comfoiy7/public_html/vendor/laravel/framework/src/Illuminate/Pipeline/Pipeline.php(171): Illuminate\\Session\\Middleware\\StartSession->handle(Object(Illuminate\\Http\\Request), Object(Closure))
#7 /home3/comfoiy7/public_html/vendor/laravel/framework/src/Illuminate/Cookie/Middleware/AddQueuedCookiesToResponse.php(37): Illuminate\\Pipeline\\Pipeline->Illuminate\\Pipeline\\{closure}(Object(Illuminate\\Http\\Request))
#8 /home3/comfoiy7/public_html/vendor/laravel/framework/src/Illuminate/Pipeline/Pipeline.php(171): Illuminate\\Cookie\\Middleware\\AddQueuedCookiesToResponse->handle(Object(Illuminate\\Http\\Request), Object(Closure))
#9 /home3/comfoiy7/public_html/vendor/laravel/framework/src/Illuminate/Cookie/Middleware/EncryptCookies.php(67): Illuminate\\Pipeline\\Pipeline->Illuminate\\Pipeline\\{closure}(Object(Illuminate\\Http\\Request))
#10 /home3/comfoiy7/public_html/vendor/laravel/framework/src/Illuminate/Pipeline/Pipeline.php(171): Illuminate\\Cookie\\Middleware\\EncryptCookies->handle(Object(Illuminate\\Http\\Request), Object(Closure))
#11 /home3/comfoiy7/public_html/vendor/laravel/framework/src/Illuminate/Pipeline/Pipeline.php(105): Illuminate\\Pipeline\\Pipeline->Illuminate\\Pipeline\\{closure}(Object(Illuminate\\Http\\Request))
#12 /home3/comfoiy7/public_html/vendor/laravel/framework/src/Illuminate/Routing/Router.php(683): Illuminate\\Pipeline\\Pipeline->then(Object(Closure))
#13 /home3/comfoiy7/public_html/vendor/laravel/framework/src/Illuminate/Routing/Router.php(658): Illuminate\\Routing\\Router->runRouteWithinStack(Object(Illuminate\\Routing\\Route), Object(Illuminate\\Http\\Request))
#14 /home3/comfoiy7/public_html/vendor/laravel/framework/src/Illuminate/Routing/Router.php(624): Illuminate\\Routing\\Router->runRoute(Object(Illuminate\\Http\\Request), Object(Illuminate\\Routing\\Route))
#15 /home3/comfoiy7/public_html/vendor/laravel/framework/src/Illuminate/Routing/Router.php(613): Illuminate\\Routing\\Router->dispatchToRoute(Object(Illuminate\\Http\\Request))
#16 /home3/comfoiy7/public_html/vendor/laravel/framework/src/Illuminate/Foundation/Http/Kernel.php(170): Illuminate\\Routing\\Router->dispatch(Object(Illuminate\\Http\\Request))
#17 /home3/comfoiy7/public_html/vendor/laravel/framework/src/Illuminate/Pipeline/Pipeline.php(130): Illuminate\\Foundation\\Http\\Kernel->Illuminate\\Foundation\\Http\\{closure}(Object(Illuminate\\Http\\Request))
#18 /home3/comfoiy7/public_html/vendor/laravel/framework/src/Illuminate/Foundation/Http/Middleware/TransformsRequest.php(21): Illuminate\\Pipeline\\Pipeline->Illuminate\\Pipeline\\{closure}(Object(Illuminate\\Http\\Request))
#19 /home3/comfoiy7/public_html/vendor/laravel/framework/src/Illuminate/Pipeline/Pipeline.php(171): Illuminate\\Foundation\\Http\\Middleware\\TransformsRequest->handle(Object(Illuminate\\Http\\Request), Object(Closure))
#20 /home3/comfoiy7/public_html/vendor/laravel/framework/src/Illuminate/Foundation/Http/Middleware/TransformsRequest.php(21): Illuminate\\Pipeline\\Pipeline->Illuminate\\Pipeline\\{closure}(Object(Illuminate\\Http\\Request))
#21 /home3/comfoiy7/public_html/vendor/laravel/framework/src/Illuminate/Pipeline/Pipeline.php(171): Illuminate\\Foundation\\Http\\Middleware\\TransformsRequest->handle(Object(Illuminate\\Http\\Request), Object(Closure))
#22 /home3/comfoiy7/public_html/vendor/laravel/framework/src/Illuminate/Foundation/Http/Middleware/ValidatePostSize.php(27): Illuminate\\Pipeline\\Pipeline->Illuminate\\Pipeline\\{closure}(Object(Illuminate\\Http\\Request))
#23 /home3/comfoiy7/public_html/vendor/laravel/framework/src/Illuminate/Pipeline/Pipeline.php(171): Illuminate\\Foundation\\Http\\Middleware\\ValidatePostSize->handle(Object(Illuminate\\Http\\Request), Object(Closure))
#24 /home3/comfoiy7/public_html/vendor/laravel/framework/src/Illuminate/Foundation/Http/Middleware/CheckForMaintenanceMode.php(63): Illuminate\\Pipeline\\Pipeline->Illuminate\\Pipeline\\{closure}(Object(Illuminate\\Http\\Request))
#25 /home3/comfoiy7/public_html/vendor/laravel/framework/src/Illuminate/Pipeline/Pipeline.php(171): Illuminate\\Foundation\\Http\\Middleware\\CheckForMaintenanceMode->handle(Object(Illuminate\\Http\\Request), Object(Closure))
#26 /home3/comfoiy7/public_html/vendor/fideloper/proxy/src/TrustProxies.php(57): Illuminate\\Pipeline\\Pipeline->Illuminate\\Pipeline\\{closure}(Object(Illuminate\\Http\\Request))
#27 /home3/comfoiy7/public_html/vendor/laravel/framework/src/Illuminate/Pipeline/Pipeline.php(171): Fideloper\\Proxy\\TrustProxies->handle(Object(Illuminate\\Http\\Request), Object(Closure))
#28 /home3/comfoiy7/public_html/vendor/laravel/framework/src/Illuminate/Pipeline/Pipeline.php(105): Illuminate\\Pipeline\\Pipeline->Illuminate\\Pipeline\\{closure}(Object(Illuminate\\Http\\Request))
#29 /home3/comfoiy7/public_html/vendor/laravel/framework/src/Illuminate/Foundation/Http/Kernel.php(145): Illuminate\\Pipeline\\Pipeline->then(Object(Closure))
#30 /home3/comfoiy7/public_html/vendor/laravel/framework/src/Illuminate/Foundation/Http/Kernel.php(110): Illuminate\\Foundation\\Http\\Kernel->sendRequestThroughRouter(Object(Illuminate\\Http\\Request))
#31 /home3/comfoiy7/public_html/public/index.php(55): Illuminate\\Foundation\\Http\\Kernel->handle(Object(Illuminate\\Http\\Request))
#32 {main}
"} 
